flight_id,airline,flight_number,origin_airport,destination_airport,scheduled_departure,scheduled_arrival,weather_condition,temperature_c,wind_speed_kts,visibility_km,airport_traffic_index,prior_leg_delay_min,aircraft_age_years,maintenance_overdue_flag,actual_departure_delay_min
FL-1000,NimbusAero,NI214,JFK,LHR,2026-01-12 09:29:00,2026-01-12 12:08:00,Overcast,25.4,31.1,9.0,1.78,7,9.6,0,1
FL-1001,AeroGlobal,AE338,DXB,JFK,2026-01-26 19:01:00,2026-01-26 21:27:00,Fog,21.2,25.4,2.6,6.3,2,17.9,1,76
FL-1002,NimbusAero,NI532,LHR,DFW,2026-01-08 07:49:00,2026-01-08 10:24:00,High Winds,6.2,6.0,1.4,8.63,0,13.5,0,69
FL-1003,NimbusAero,NI570,DXB,LAX,2026-01-18 11:27:00,2026-01-18 12:52:00,Snow,4.1,29.0,8.9,4.25,18,4.6,0,62
FL-1004,NimbusAero,NI333,DFW,LAX,2026-01-11 20:16:00,2026-01-11 21:52:00,Thunderstorm,3.3,29.3,4.0,4.33,0,5.0,0,48
FL-1005,NimbusAero,NI763,LAX,ATL,2026-01-25 13:25:00,2026-01-25 20:23:00,Overcast,-2.2,18.3,9.9,6.76,3,12.5,0,24
FL-1006,SkyWings,SK334,JFK,CDG,2026-01-19 12:10:00,2026-01-19 15:12:00,Clear,0.1,42.5,8.8,3.83,5,14.6,0,0
FL-1007,NimbusAero,NI569,ORD,LHR,2026-01-07 14:30:00,2026-01-07 17:21:00,Fog,16.9,13.3,6.1,9.08,5,9.1,0,65
FL-1008,AeroGlobal,AE621,HND,LAX,2026-01-03 09:27:00,2026-01-03 11:08:00,Overcast,20.1,36.1,4.5,1.57,14,8.7,0,14
FL-1009,TransFlight,TR357,DXB,JFK,2026-01-06 11:07:00,2026-01-06 17:41:00,Snow,26.0,35.0,3.7,3.64,6,3.9,0,33
FL-1010,NimbusAero,NI996,DFW,FRA,2026-01-09 09:08:00,2026-01-09 14:12:00,Clear,31.8,14.8,6.6,6.48,9,3.8,0,22
FL-1011,TransFlight,TR897,DXB,JFK,2026-01-28 12:12:00,2026-01-28 15:42:00,Thunderstorm,-9.1,42.0,8.8,8.48,10,7.1,0,75
FL-1012,TransFlight,TR180,LAX,DXB,2026-01-04 09:35:00,2026-01-04 14:52:00,High Winds,-4.0,30.4,9.5,2.49,13,11.8,0,50
FL-1013,AeroGlobal,AE652,ATL,LHR,2026-01-19 09:48:00,2026-01-19 16:16:00,Fog,7.9,40.7,4.8,3.23,2,1.9,0,25
FL-1014,TransFlight,TR335,FRA,ATL,2026-01-01 13:51:00,2026-01-01 15:12:00,Fog,20.3,11.8,9.1,8.74,1,2.0,0,46
FL-1015,NimbusAero,NI597,ATL,FRA,2026-01-07 06:31:00,2026-01-07 13:26:00,Snow,17.7,12.4,5.0,4.66,1,2.5,0,65
FL-1016,JetExpress,JE533,CDG,DXB,2026-01-03 17:10:00,2026-01-03 23:39:00,Fog,37.2,6.2,4.3,4.05,17,19.0,1,55
FL-1017,OceanicAir,OC243,CDG,ORD,2026-01-13 22:14:00,2026-01-14 02:55:00,Overcast,32.0,5.2,8.2,8.7,10,2.6,0,38
FL-1018,TransFlight,TR956,JFK,ORD,2026-01-12 00:11:00,2026-01-12 02:21:00,Thunderstorm,13.3,11.2,4.3,1.53,0,8.6,0,61
FL-1019,JetExpress,JE902,HND,DFW,2026-01-20 12:02:00,2026-01-20 18:43:00,Fog,37.8,25.9,7.3,2.39,16,6.9,0,54
FL-1020,TransFlight,TR853,DXB,JFK,2026-01-15 12:32:00,2026-01-15 13:46:00,Clear,18.0,23.6,8.6,2.42,5,21.2,1,59
FL-1021,TransFlight,TR169,ATL,HND,2026-01-06 16:56:00,2026-01-06 22:32:00,Overcast,17.8,3.7,1.3,6.92,3,12.7,0,41
FL-1022,JetExpress,JE309,LHR,ATL,2026-01-13 08:07:00,2026-01-13 12:14:00,Overcast,22.2,14.9,3.5,7.77,52,2.1,0,64
FL-1023,TransFlight,TR202,LAX,FRA,2026-01-10 22:49:00,2026-01-11 03:53:00,Rain,-3.6,17.0,1.2,3.2,38,6.6,0,54
FL-1024,TransFlight,TR820,DFW,FRA,2026-01-01 14:32:00,2026-01-01 20:58:00,High Winds,16.6,42.1,1.5,8.9,1,6.2,0,59
FL-1025,NimbusAero,NI666,ORD,LHR,2026-01-14 01:45:00,2026-01-14 07:39:00,Overcast,24.4,10.8,6.5,3.38,4,11.0,0,2
FL-1026,SkyWings,SK194,CDG,DFW,2026-01-03 06:09:00,2026-01-03 06:55:00,Rain,27.0,29.4,3.0,7.67,26,12.4,0,40
FL-1027,SkyWings,SK214,LAX,ATL,2026-01-26 01:55:00,2026-01-26 02:58:00,High Winds,7.7,25.8,4.6,1.38,11,8.3,0,40
FL-1028,SkyWings,SK466,ATL,DFW,2026-01-05 22:16:00,2026-01-06 02:02:00,High Winds,16.9,39.6,9.8,7.75,2,20.4,1,78
FL-1029,AeroGlobal,AE522,JFK,ATL,2026-01-16 08:50:00,2026-01-16 13:05:00,High Winds,22.2,33.6,2.9,2.43,19,15.6,0,50
FL-1030,OceanicAir,OC327,ATL,DXB,2026-01-17 03:55:00,2026-01-17 07:16:00,High Winds,28.2,11.8,0.7,2.74,22,7.6,0,57
FL-1031,JetExpress,JE459,DXB,CDG,2026-01-25 15:41:00,2026-01-25 19:15:00,Clear,-4.5,43.7,2.2,9.66,1,6.2,0,28
FL-1032,OceanicAir,OC453,LHR,HND,2026-01-28 20:08:00,2026-01-29 01:14:00,Clear,8.5,26.8,2.9,7.38,29,0.5,0,28
FL-1033,TransFlight,TR803,ATL,CDG,2026-01-20 21:05:00,2026-01-20 22:25:00,Fog,34.2,28.8,6.8,2.12,0,19.9,0,46
FL-1034,JetExpress,JE512,DFW,FRA,2026-01-07 01:01:00,2026-01-07 03:24:00,Thunderstorm,21.9,18.3,7.6,2.57,5,12.7,0,66
FL-1035,SkyWings,SK411,DFW,ATL,2026-01-20 19:33:00,2026-01-21 01:14:00,Snow,21.4,22.0,4.7,2.92,15,10.7,0,54
FL-1036,NimbusAero,NI273,LAX,LHR,2026-01-24 17:00:00,2026-01-24 23:24:00,Fog,19.7,6.0,9.5,3.11,32,7.2,0,49
FL-1037,AeroGlobal,AE125,JFK,DFW,2026-01-22 20:58:00,2026-01-23 02:55:00,High Winds,26.9,21.6,8.9,6.18,18,15.9,0,60
FL-1038,AeroGlobal,AE771,JFK,ORD,2026-01-20 14:22:00,2026-01-20 16:59:00,Overcast,28.6,31.9,4.9,6.02,21,20.2,1,71
FL-1039,OceanicAir,OC783,DXB,FRA,2026-01-28 08:23:00,2026-01-28 11:50:00,High Winds,32.8,28.3,7.3,5.54,10,18.4,0,66
FL-1040,NimbusAero,NI982,HND,DXB,2026-01-13 01:06:00,2026-01-13 03:57:00,High Winds,20.6,34.9,5.5,6.64,11,6.4,0,48
FL-1041,JetExpress,JE340,DFW,CDG,2026-01-15 19:12:00,2026-01-16 00:33:00,Clear,-3.4,11.9,7.1,7.36,1,1.9,0,26
FL-1042,TransFlight,TR577,CDG,JFK,2026-01-10 15:55:00,2026-01-10 20:15:00,Thunderstorm,33.4,27.1,7.1,8.71,0,17.0,0,48
FL-1043,JetExpress,JE405,CDG,HND,2026-01-25 17:52:00,2026-01-25 23:16:00,High Winds,19.0,11.5,2.6,4.92,10,1.1,0,61
FL-1044,NimbusAero,NI917,CDG,ORD,2026-01-22 12:30:00,2026-01-22 14:20:00,Snow,15.6,41.0,6.1,6.97,35,2.3,0,74
FL-1045,OceanicAir,OC286,JFK,LHR,2026-01-18 12:04:00,2026-01-18 15:36:00,Overcast,11.8,16.5,8.9,3.5,21,21.0,0,14
FL-1046,OceanicAir,OC119,DXB,JFK,2026-01-17 04:15:00,2026-01-17 06:54:00,Fog,-6.7,43.2,0.9,1.28,3,5.8,0,34
FL-1047,TransFlight,TR256,ATL,ORD,2026-01-22 19:15:00,2026-01-23 01:42:00,Clear,17.1,11.4,7.1,7.9,2,4.1,0,25
FL-1048,NimbusAero,NI835,LAX,ATL,2026-01-15 09:44:00,2026-01-15 11:24:00,Snow,-8.8,15.4,6.9,9.62,39,9.0,0,102
FL-1049,SkyWings,SK706,ATL,LAX,2026-01-14 23:24:00,2026-01-15 05:59:00,Snow,28.7,36.2,5.9,1.37,30,12.0,0,73
FL-1050,SkyWings,SK618,LHR,JFK,2026-01-20 08:48:00,2026-01-20 13:43:00,Clear,10.8,17.6,9.0,5.14,24,3.8,0,46
FL-1051,TransFlight,TR766,DFW,FRA,2026-01-23 06:06:00,2026-01-23 10:49:00,Thunderstorm,29.6,27.5,3.6,3.21,33,20.6,0,76
FL-1052,OceanicAir,OC683,FRA,CDG,2026-01-16 13:26:00,2026-01-16 14:25:00,Thunderstorm,30.8,9.8,2.5,8.18,5,7.8,0,84
FL-1053,NimbusAero,NI382,DXB,JFK,2026-01-24 18:17:00,2026-01-24 20:39:00,Clear,1.6,19.5,5.8,3.16,8,10.7,0,12
FL-1054,OceanicAir,OC911,JFK,ORD,2026-01-14 15:23:00,2026-01-14 18:01:00,Thunderstorm,23.2,15.2,6.0,5.26,25,11.9,0,50
FL-1055,NimbusAero,NI663,LHR,CDG,2026-01-21 21:36:00,2026-01-22 00:39:00,Rain,2.1,7.2,2.3,2.08,3,12.0,0,26
FL-1056,AeroGlobal,AE296,ATL,DXB,2026-01-13 20:00:00,2026-01-14 02:55:00,Snow,36.9,24.6,3.2,1.9,1,4.7,0,41
FL-1057,AeroGlobal,AE409,JFK,FRA,2026-01-07 00:15:00,2026-01-07 03:20:00,Clear,36.8,25.8,7.1,2.14,5,19.2,0,9
FL-1058,TransFlight,TR391,HND,DXB,2026-01-21 07:06:00,2026-01-21 10:45:00,Overcast,36.3,12.9,8.7,2.03,10,1.9,0,7
FL-1059,TransFlight,TR744,JFK,ATL,2026-01-08 00:57:00,2026-01-08 06:30:00,Rain,-5.9,12.7,5.8,4.75,53,13.3,0,75
FL-1060,TransFlight,TR489,HND,DXB,2026-01-14 18:47:00,2026-01-15 00:33:00,Thunderstorm,4.7,28.7,6.3,7.66,49,20.9,1,113
FL-1061,NimbusAero,NI183,ORD,DFW,2026-01-09 03:51:00,2026-01-09 09:18:00,Clear,-2.5,19.6,7.0,5.23,5,1.2,0,5
FL-1062,JetExpress,JE819,HND,LAX,2026-01-11 20:57:00,2026-01-11 23:57:00,High Winds,28.0,27.4,8.1,2.78,5,3.0,0,39
FL-1063,AeroGlobal,AE372,ORD,LAX,2026-01-03 23:08:00,2026-01-04 01:17:00,High Winds,4.8,34.2,5.9,3.6,10,3.2,0,48
FL-1064,NimbusAero,NI512,DFW,FRA,2026-01-25 19:48:00,2026-01-26 00:45:00,Thunderstorm,-6.1,3.7,4.6,3.9,0,5.9,0,52
FL-1065,NimbusAero,NI956,FRA,JFK,2026-01-13 12:22:00,2026-01-13 18:02:00,Clear,26.6,9.5,5.4,4.98,4,6.5,0,17
FL-1066,OceanicAir,OC750,HND,LAX,2026-01-22 15:22:00,2026-01-22 19:05:00,Thunderstorm,6.0,30.8,8.6,3.97,2,15.4,0,76
FL-1067,TransFlight,TR137,HND,LAX,2026-01-15 13:32:00,2026-01-15 16:26:00,Rain,-4.4,35.2,8.7,8.42,4,0.5,0,46
FL-1068,OceanicAir,OC523,JFK,DFW,2026-01-24 20:16:00,2026-01-25 00:06:00,Snow,26.3,28.9,7.7,2.83,16,12.3,0,56
FL-1069,OceanicAir,OC815,HND,LAX,2026-01-02 13:31:00,2026-01-02 19:38:00,Snow,28.4,32.5,3.5,1.12,19,9.3,0,52
FL-1070,SkyWings,SK572,LAX,ATL,2026-01-23 22:21:00,2026-01-24 05:12:00,Rain,14.4,13.8,8.4,9.82,6,5.7,0,64
FL-1071,OceanicAir,OC295,FRA,DXB,2026-01-07 11:06:00,2026-01-07 12:26:00,Rain,27.1,38.7,3.7,8.09,11,6.2,0,57
FL-1072,NimbusAero,NI405,FRA,HND,2026-01-08 00:18:00,2026-01-08 04:51:00,Snow,13.2,16.3,7.7,4.39,1,20.6,0,56
FL-1073,AeroGlobal,AE685,CDG,ATL,2026-01-19 22:40:00,2026-01-19 23:47:00,Rain,25.7,32.3,8.2,4.47,3,14.8,0,41
FL-1074,AeroGlobal,AE607,JFK,ATL,2026-01-24 02:38:00,2026-01-24 08:25:00,Rain,31.7,39.6,4.7,5.73,0,10.3,0,51
FL-1075,OceanicAir,OC991,ORD,LAX,2026-01-22 14:48:00,2026-01-22 17:48:00,Rain,19.9,19.1,1.3,3.96,0,15.0,0,35
FL-1076,JetExpress,JE741,HND,FRA,2026-01-02 21:12:00,2026-01-03 03:13:00,Clear,1.3,31.4,3.2,3.05,10,2.4,0,23
FL-1077,NimbusAero,NI820,LAX,DXB,2026-01-08 19:42:00,2026-01-09 02:22:00,Rain,33.4,4.0,8.1,3.64,2,8.6,0,11
FL-1078,TransFlight,TR521,FRA,ORD,2026-01-08 23:40:00,2026-01-09 01:54:00,Clear,19.3,18.4,7.0,5.48,17,13.0,0,36
FL-1079,NimbusAero,NI360,HND,DFW,2026-01-01 16:15:00,2026-01-01 20:58:00,Rain,22.5,8.8,4.7,4.11,2,13.1,0,27
FL-1080,OceanicAir,OC806,DFW,DXB,2026-01-14 23:59:00,2026-01-15 02:25:00,Thunderstorm,31.0,6.6,4.1,4.23,6,6.9,0,65
FL-1081,SkyWings,SK949,CDG,DFW,2026-01-01 14:50:00,2026-01-01 20:24:00,High Winds,22.9,34.0,1.0,6.46,16,11.2,0,75
FL-1082,JetExpress,JE894,ATL,CDG,2026-01-11 05:12:00,2026-01-11 11:22:00,Overcast,19.8,31.1,7.3,6.93,25,18.5,0,57
FL-1083,NimbusAero,NI140,DFW,DXB,2026-01-02 18:26:00,2026-01-03 00:07:00,Rain,25.2,5.9,3.3,7.73,4,4.3,0,64
FL-1084,TransFlight,TR997,LHR,FRA,2026-01-24 02:05:00,2026-01-24 05:09:00,High Winds,-2.1,41.3,9.5,9.71,1,6.8,0,57
FL-1085,SkyWings,SK579,LAX,ATL,2026-01-11 12:25:00,2026-01-11 18:56:00,Fog,22.4,19.1,8.5,6.02,6,2.4,0,60
FL-1086,JetExpress,JE649,LAX,DXB,2026-01-18 00:35:00,2026-01-18 07:04:00,Fog,22.3,27.1,8.3,9.46,19,2.8,0,72
FL-1087,SkyWings,SK734,DXB,LHR,2026-01-29 00:22:00,2026-01-29 03:00:00,Fog,-7.0,37.4,9.1,3.72,1,9.3,0,45
FL-1088,SkyWings,SK411,HND,LAX,2026-01-05 16:09:00,2026-01-05 18:54:00,Snow,-3.5,21.5,6.9,7.69,2,20.8,0,70
FL-1089,AeroGlobal,AE524,LAX,DXB,2026-01-29 06:27:00,2026-01-29 10:40:00,Rain,-8.4,17.9,4.7,9.55,0,18.9,1,75
FL-1090,TransFlight,TR760,LHR,JFK,2026-01-19 08:52:00,2026-01-19 11:58:00,Overcast,36.5,42.8,8.3,1.83,1,5.1,0,12
FL-1091,SkyWings,SK151,LHR,ATL,2026-01-06 23:32:00,2026-01-07 05:06:00,Overcast,-6.7,34.9,2.5,2.94,17,19.2,0,11
FL-1092,TransFlight,TR102,DFW,ORD,2026-01-07 03:59:00,2026-01-07 09:20:00,Rain,28.3,6.7,8.7,2.19,15,8.2,0,38
FL-1093,TransFlight,TR431,JFK,ATL,2026-01-13 07:51:00,2026-01-13 09:02:00,Overcast,25.6,24.6,7.6,5.29,4,17.2,0,14
FL-1094,TransFlight,TR326,FRA,JFK,2026-01-31 05:41:00,2026-01-31 10:52:00,Rain,12.0,43.5,1.1,5.31,5,9.1,0,43
FL-1095,OceanicAir,OC829,HND,LAX,2026-01-04 22:14:00,2026-01-05 01:43:00,Snow,-2.9,7.4,6.4,6.27,28,15.8,0,88
FL-1096,JetExpress,JE564,DXB,CDG,2026-01-05 18:19:00,2026-01-06 01:03:00,Clear,30.9,30.0,7.8,7.49,16,5.1,0,27
FL-1097,AeroGlobal,AE523,LHR,DXB,2026-01-19 09:31:00,2026-01-19 13:48:00,Fog,-5.4,20.4,6.8,4.37,6,3.8,0,52
FL-1098,SkyWings,SK193,LAX,ORD,2026-01-20 21:43:00,2026-01-20 23:17:00,Fog,25.5,36.9,5.8,6.28,4,12.6,0,56
FL-1099,SkyWings,SK520,LHR,HND,2026-01-03 14:11:00,2026-01-03 17:23:00,Snow,5.0,6.5,5.3,2.39,14,10.9,0,57
FL-1100,JetExpress,JE965,DXB,LHR,2026-01-06 11:29:00,2026-01-06 14:36:00,Snow,0.9,20.5,5.8,7.91,23,13.9,0,108
FL-1101,TransFlight,TR126,FRA,DFW,2026-01-02 13:37:00,2026-01-02 15:54:00,Rain,23.7,15.3,3.7,1.05,10,19.2,0,22
FL-1102,AeroGlobal,AE858,JFK,ORD,2026-01-25 09:25:00,2026-01-25 12:00:00,Thunderstorm,10.2,16.7,4.0,7.49,3,17.2,0,52
FL-1103,SkyWings,SK259,ORD,JFK,2026-01-04 23:06:00,2026-01-05 02:10:00,Thunderstorm,21.8,22.9,4.7,3.46,0,16.7,1,85
FL-1104,JetExpress,JE794,FRA,HND,2026-01-25 05:33:00,2026-01-25 11:59:00,Rain,-7.8,19.0,6.2,1.07,15,7.0,0,21
FL-1105,AeroGlobal,AE882,DFW,LHR,2026-01-16 04:23:00,2026-01-16 06:09:00,Clear,13.9,20.5,1.7,5.79,51,5.4,0,58
FL-1106,NimbusAero,NI925,LHR,LAX,2026-01-19 07:42:00,2026-01-19 08:48:00,Thunderstorm,-9.1,41.6,8.7,6.18,49,12.8,0,97
FL-1107,OceanicAir,OC396,LAX,HND,2026-01-02 04:46:00,2026-01-02 08:17:00,Overcast,28.5,28.6,8.4,9.28,7,2.4,0,48
FL-1108,AeroGlobal,AE546,FRA,CDG,2026-01-25 02:18:00,2026-01-25 03:43:00,Thunderstorm,31.8,34.1,2.6,8.01,28,2.1,0,84
FL-1109,TransFlight,TR622,ATL,CDG,2026-01-17 05:29:00,2026-01-17 12:26:00,High Winds,21.0,8.4,1.5,3.3,12,4.2,0,37
FL-1110,NimbusAero,NI177,ORD,DXB,2026-01-22 08:45:00,2026-01-22 14:18:00,High Winds,17.8,31.3,8.9,6.79,41,21.7,0,93
FL-1111,JetExpress,JE254,HND,LAX,2026-01-22 14:11:00,2026-01-22 18:42:00,Fog,4.5,13.8,1.0,5.57,1,7.2,0,62
FL-1112,SkyWings,SK477,DFW,LAX,2026-01-30 14:08:00,2026-01-30 15:39:00,Snow,18.5,18.5,6.0,9.59,14,16.4,1,116
FL-1113,TransFlight,TR767,ATL,CDG,2026-01-28 18:49:00,2026-01-28 23:37:00,Snow,-2.8,4.7,1.5,9.09,20,7.9,0,84
FL-1114,TransFlight,TR761,ORD,JFK,2026-01-12 12:36:00,2026-01-12 19:23:00,Thunderstorm,37.6,24.5,6.3,4.28,17,20.2,0,68
FL-1115,NimbusAero,NI712,JFK,CDG,2026-01-04 05:59:00,2026-01-04 09:32:00,Clear,16.8,18.6,2.9,8.66,5,21.2,0,47
FL-1116,SkyWings,SK696,ORD,CDG,2026-01-15 08:51:00,2026-01-15 15:11:00,Fog,21.8,7.5,7.2,1.76,24,12.5,0,51
FL-1117,JetExpress,JE932,ORD,FRA,2026-01-05 12:04:00,2026-01-05 18:19:00,Fog,10.3,17.6,3.9,2.62,36,5.1,0,65
FL-1118,OceanicAir,OC296,ATL,ORD,2026-01-08 07:14:00,2026-01-08 08:38:00,Rain,30.5,6.3,7.8,8.52,10,19.5,1,81
FL-1119,TransFlight,TR234,FRA,CDG,2026-01-08 06:29:00,2026-01-08 08:37:00,Overcast,29.9,35.2,8.2,2.49,15,9.9,0,21
FL-1120,NimbusAero,NI836,ATL,DXB,2026-01-29 00:55:00,2026-01-29 04:05:00,High Winds,25.9,21.3,5.6,3.79,18,17.9,0,62
FL-1121,JetExpress,JE794,FRA,HND,2026-01-22 06:16:00,2026-01-22 09:25:00,High Winds,8.3,24.7,9.7,8.35,6,17.7,1,80
FL-1122,NimbusAero,NI592,LHR,FRA,2026-01-05 22:03:00,2026-01-06 04:52:00,High Winds,14.8,7.4,1.3,2.44,7,10.2,0,45
FL-1123,OceanicAir,OC193,ATL,DXB,2026-01-17 03:50:00,2026-01-17 04:48:00,Thunderstorm,-7.4,23.6,2.7,9.95,0,8.6,0,59
FL-1124,SkyWings,SK959,LHR,ORD,2026-01-07 12:17:00,2026-01-07 13:21:00,Rain,34.0,22.3,8.4,7.83,9,10.6,0,28
FL-1125,SkyWings,SK119,DFW,ATL,2026-01-08 01:18:00,2026-01-08 06:43:00,Fog,19.2,20.2,7.9,3.14,13,3.1,0,43
FL-1126,NimbusAero,NI912,FRA,HND,2026-01-04 02:36:00,2026-01-04 04:17:00,High Winds,33.4,27.7,0.7,5.64,0,5.7,0,34
FL-1127,OceanicAir,OC101,FRA,LHR,2026-01-12 04:45:00,2026-01-12 10:22:00,Thunderstorm,-1.0,30.7,5.5,4.25,11,21.0,0,71
FL-1128,TransFlight,TR667,JFK,HND,2026-01-22 15:30:00,2026-01-22 16:37:00,Fog,8.6,18.1,7.6,4.21,22,2.0,0,55
FL-1129,NimbusAero,NI743,LAX,CDG,2026-01-07 07:43:00,2026-01-07 08:50:00,Rain,16.2,37.0,2.2,8.01,1,10.5,0,29
FL-1130,NimbusAero,NI286,ORD,LAX,2026-01-22 01:54:00,2026-01-22 02:57:00,Rain,-0.3,36.0,8.9,3.84,0,7.2,0,49
FL-1131,TransFlight,TR584,DFW,JFK,2026-01-30 16:35:00,2026-01-30 18:57:00,Rain,7.1,35.6,8.7,3.99,15,3.2,0,52
FL-1132,OceanicAir,OC861,HND,CDG,2026-01-16 16:19:00,2026-01-16 18:39:00,Thunderstorm,23.2,17.8,8.1,3.4,19,2.3,0,66
FL-1133,OceanicAir,OC716,ORD,FRA,2026-01-14 14:52:00,2026-01-14 18:21:00,Clear,-6.2,30.4,3.4,6.42,5,9.7,0,30
FL-1134,JetExpress,JE557,JFK,CDG,2026-01-29 05:34:00,2026-01-29 10:01:00,Rain,20.7,36.0,1.0,7.04,23,9.2,0,46
FL-1135,NimbusAero,NI795,ORD,JFK,2026-01-07 17:57:00,2026-01-07 23:53:00,Fog,27.5,3.5,1.1,8.01,1,8.4,0,35
FL-1136,TransFlight,TR133,FRA,ORD,2026-01-21 17:26:00,2026-01-21 21:20:00,Rain,11.3,5.3,1.8,4.3,0,7.3,0,18
FL-1137,SkyWings,SK126,ORD,DXB,2026-01-24 19:30:00,2026-01-24 23:33:00,Snow,-4.3,35.3,7.2,2.93,2,13.7,0,67
FL-1138,OceanicAir,OC304,LAX,ATL,2026-01-04 14:53:00,2026-01-04 19:29:00,Overcast,33.1,21.1,1.3,7.14,2,18.7,0,32
FL-1139,SkyWings,SK663,DXB,DFW,2026-01-14 21:37:00,2026-01-14 23:42:00,Fog,24.1,32.1,2.2,4.25,18,5.3,0,42
FL-1140,AeroGlobal,AE342,HND,JFK,2026-01-17 16:11:00,2026-01-17 21:39:00,Snow,7.7,36.6,5.7,6.51,16,2.4,0,67
FL-1141,NimbusAero,NI836,HND,FRA,2026-01-19 22:41:00,2026-01-20 02:55:00,High Winds,17.6,7.4,3.5,1.67,14,10.5,0,61
FL-1142,AeroGlobal,AE999,DXB,ORD,2026-01-07 02:56:00,2026-01-07 07:22:00,Snow,33.7,4.4,1.7,2.38,8,4.0,0,37
FL-1143,NimbusAero,NI330,LHR,FRA,2026-01-14 04:15:00,2026-01-14 05:40:00,Rain,-0.6,43.1,3.1,6.63,21,13.7,0,32
FL-1144,NimbusAero,NI272,FRA,ORD,2026-01-09 00:59:00,2026-01-09 07:21:00,Snow,24.6,28.0,8.5,6.07,0,18.2,1,64
FL-1145,NimbusAero,NI889,FRA,DFW,2026-01-30 21:12:00,2026-01-30 23:44:00,High Winds,17.5,28.6,0.8,9.0,1,12.2,0,83
FL-1146,JetExpress,JE594,ATL,HND,2026-01-14 18:52:00,2026-01-14 23:29:00,Clear,23.1,8.8,4.4,5.18,10,7.8,0,11
FL-1147,NimbusAero,NI426,LHR,HND,2026-01-07 04:49:00,2026-01-07 08:43:00,Snow,17.0,15.7,4.9,3.41,8,5.8,0,42
FL-1148,JetExpress,JE493,FRA,CDG,2026-01-12 13:10:00,2026-01-12 15:16:00,High Winds,5.7,26.8,3.5,7.87,7,11.2,0,77
FL-1149,OceanicAir,OC415,HND,JFK,2026-01-05 08:21:00,2026-01-05 12:27:00,Snow,11.9,12.4,6.0,1.44,0,6.5,0,55
FL-1150,NimbusAero,NI788,HND,DFW,2026-01-25 16:12:00,2026-01-25 17:01:00,High Winds,-4.8,7.8,3.0,4.29,7,9.2,0,42
FL-1151,SkyWings,SK683,DXB,ATL,2026-01-17 17:58:00,2026-01-17 23:26:00,Rain,-6.5,23.7,7.8,3.52,29,21.8,0,62
FL-1152,SkyWings,SK503,LHR,CDG,2026-01-26 15:18:00,2026-01-26 19:10:00,High Winds,-3.1,27.9,4.3,1.36,16,1.3,0,46
FL-1153,OceanicAir,OC631,HND,ORD,2026-01-28 20:11:00,2026-01-29 01:19:00,Overcast,5.7,28.4,2.0,9.92,13,16.4,0,46
FL-1154,TransFlight,TR645,HND,DFW,2026-01-22 20:42:00,2026-01-22 21:35:00,Rain,5.9,6.7,4.5,3.77,42,19.8,0,32
FL-1155,TransFlight,TR585,DFW,ATL,2026-01-03 14:05:00,2026-01-03 19:48:00,Thunderstorm,-1.8,29.0,6.4,8.57,15,3.7,0,102
FL-1156,SkyWings,SK686,LAX,DFW,2026-01-02 02:41:00,2026-01-02 07:11:00,Rain,10.1,19.8,2.4,5.52,9,13.6,0,43
FL-1157,NimbusAero,NI844,JFK,ATL,2026-01-24 20:32:00,2026-01-24 23:03:00,Snow,5.6,30.5,5.5,3.82,7,4.2,0,62
FL-1158,JetExpress,JE659,LHR,DFW,2026-01-29 00:21:00,2026-01-29 05:13:00,Overcast,36.0,14.0,3.3,9.47,48,21.6,0,60
FL-1159,NimbusAero,NI821,HND,LHR,2026-01-23 02:04:00,2026-01-23 05:47:00,Snow,34.8,36.2,3.1,2.1,5,15.0,0,45
FL-1160,OceanicAir,OC938,LHR,ORD,2026-01-14 11:15:00,2026-01-14 12:21:00,Rain,35.9,5.4,9.3,6.9,27,16.6,1,68
FL-1161,JetExpress,JE675,DFW,ORD,2026-01-06 05:18:00,2026-01-06 11:18:00,Fog,18.2,12.4,6.9,5.78,17,14.2,0,45
FL-1162,OceanicAir,OC438,HND,LAX,2026-01-07 12:09:00,2026-01-07 12:56:00,Snow,36.9,8.8,6.7,8.93,14,10.7,0,81
FL-1163,JetExpress,JE428,DFW,JFK,2026-01-05 07:42:00,2026-01-05 14:00:00,Snow,1.1,33.8,8.6,1.34,24,20.3,0,67
FL-1164,SkyWings,SK956,CDG,DXB,2026-01-09 17:30:00,2026-01-09 20:43:00,Clear,-9.6,26.4,1.5,9.85,4,6.6,0,42
FL-1165,TransFlight,TR636,HND,ORD,2026-01-24 04:44:00,2026-01-24 09:28:00,Rain,-0.7,6.8,2.0,5.13,24,6.0,0,35
FL-1166,NimbusAero,NI445,DFW,ATL,2026-01-09 05:41:00,2026-01-09 11:38:00,High Winds,20.7,19.4,4.6,3.95,69,9.1,0,60
FL-1167,AeroGlobal,AE588,LHR,ATL,2026-01-01 13:27:00,2026-01-01 16:25:00,Thunderstorm,1.3,34.4,9.6,3.72,22,16.0,1,83
FL-1168,NimbusAero,NI341,JFK,ORD,2026-01-22 10:20:00,2026-01-22 13:42:00,Overcast,9.5,23.6,9.0,7.33,6,7.2,0,47
FL-1169,JetExpress,JE476,FRA,ATL,2026-01-11 05:20:00,2026-01-11 07:13:00,Thunderstorm,-2.6,34.2,6.3,4.74,21,12.3,0,69
FL-1170,TransFlight,TR921,ATL,DFW,2026-01-28 08:47:00,2026-01-28 10:13:00,Snow,11.4,32.3,1.2,6.08,1,1.8,0,58
FL-1171,TransFlight,TR307,FRA,DXB,2026-01-08 01:40:00,2026-01-08 03:49:00,Rain,31.0,21.0,7.0,7.45,26,11.0,0,66
FL-1172,OceanicAir,OC928,JFK,DXB,2026-01-07 06:07:00,2026-01-07 11:14:00,Thunderstorm,11.9,4.5,4.9,8.26,5,16.1,0,83
FL-1173,NimbusAero,NI323,FRA,LAX,2026-01-03 07:28:00,2026-01-03 11:49:00,Rain,23.6,25.3,1.1,9.05,0,21.7,0,51
FL-1174,AeroGlobal,AE887,ORD,HND,2026-01-18 07:00:00,2026-01-18 11:00:00,Thunderstorm,31.7,41.0,4.1,7.14,35,14.7,0,89
FL-1175,NimbusAero,NI980,LHR,LAX,2026-01-09 08:56:00,2026-01-09 14:16:00,Thunderstorm,15.4,33.3,2.6,1.03,44,1.0,0,63
FL-1176,NimbusAero,NI836,DXB,CDG,2026-01-25 11:00:00,2026-01-25 14:59:00,High Winds,1.0,21.8,2.0,2.7,45,19.3,0,77
FL-1177,NimbusAero,NI529,FRA,JFK,2026-01-12 04:52:00,2026-01-12 07:22:00,Clear,-5.2,3.4,6.2,7.33,8,1.5,0,41
FL-1178,OceanicAir,OC549,ATL,FRA,2026-01-11 03:18:00,2026-01-11 04:31:00,Overcast,14.2,14.4,8.2,7.58,5,7.4,0,45
FL-1179,NimbusAero,NI938,LHR,ATL,2026-01-14 23:36:00,2026-01-15 01:34:00,Fog,15.0,19.8,3.1,6.01,20,13.2,0,50
FL-1180,AeroGlobal,AE741,CDG,FRA,2026-01-23 19:21:00,2026-01-23 20:30:00,Rain,35.2,30.9,8.0,3.87,23,9.5,0,30
FL-1181,OceanicAir,OC288,DXB,HND,2026-01-12 05:12:00,2026-01-12 07:52:00,Rain,31.2,8.2,4.9,1.52,11,9.4,0,23
FL-1182,TransFlight,TR237,CDG,ATL,2026-01-12 20:31:00,2026-01-12 23:00:00,Rain,21.0,41.7,8.5,1.83,8,16.1,1,38
FL-1183,NimbusAero,NI719,FRA,JFK,2026-01-04 13:29:00,2026-01-04 15:50:00,High Winds,26.6,33.1,5.8,5.31,1,19.2,0,65
FL-1184,SkyWings,SK316,ATL,LAX,2026-01-23 01:06:00,2026-01-23 03:55:00,Fog,19.0,10.8,9.2,5.97,2,17.2,0,54
FL-1185,JetExpress,JE415,DFW,CDG,2026-01-24 14:07:00,2026-01-24 19:06:00,Thunderstorm,-5.3,44.2,5.0,8.56,1,20.2,0,87
FL-1186,TransFlight,TR984,ATL,ORD,2026-01-01 23:42:00,2026-01-02 02:40:00,Snow,34.9,26.9,4.5,2.37,1,7.6,0,37
FL-1187,AeroGlobal,AE611,DXB,LHR,2026-01-12 23:04:00,2026-01-13 03:59:00,Fog,20.8,23.1,2.1,8.15,25,4.1,0,74
FL-1188,OceanicAir,OC288,DXB,JFK,2026-01-25 02:17:00,2026-01-25 03:19:00,High Winds,30.6,42.6,6.8,7.88,18,9.4,0,86
FL-1189,AeroGlobal,AE169,ORD,JFK,2026-01-11 04:54:00,2026-01-11 09:57:00,Thunderstorm,7.9,28.6,6.8,6.55,44,10.9,0,89
FL-1190,SkyWings,SK644,DXB,CDG,2026-01-01 18:56:00,2026-01-01 19:49:00,Snow,24.7,25.0,3.2,5.52,64,15.5,0,95
FL-1191,AeroGlobal,AE209,LAX,FRA,2026-01-08 00:38:00,2026-01-08 03:26:00,Overcast,19.7,12.9,3.9,8.15,1,2.2,0,47
FL-1192,OceanicAir,OC678,ATL,DFW,2026-01-14 21:39:00,2026-01-15 04:14:00,High Winds,30.7,30.1,8.7,7.84,22,2.5,0,48
FL-1193,TransFlight,TR587,JFK,LAX,2026-01-09 01:11:00,2026-01-09 02:38:00,Thunderstorm,30.6,29.7,3.6,9.8,35,21.4,0,127
FL-1194,AeroGlobal,AE316,FRA,HND,2026-01-13 14:06:00,2026-01-13 15:14:00,Clear,22.9,14.1,5.7,6.92,1,4.4,0,22
FL-1195,SkyWings,SK312,FRA,ORD,2026-01-19 09:02:00,2026-01-19 10:26:00,Rain,-2.2,12.3,8.4,4.5,9,19.8,0,35
FL-1196,AeroGlobal,AE909,LAX,FRA,2026-01-16 23:46:00,2026-01-17 00:58:00,Clear,11.0,38.1,3.7,7.92,0,21.0,0,40
FL-1197,SkyWings,SK749,DFW,DXB,2026-01-23 13:52:00,2026-01-23 16:33:00,Rain,16.5,18.1,2.3,6.27,13,8.7,0,51
FL-1198,JetExpress,JE917,ATL,LAX,2026-01-04 23:36:00,2026-01-05 02:38:00,Overcast,8.2,35.7,2.0,4.51,49,8.3,0,33
FL-1199,JetExpress,JE555,LHR,DFW,2026-01-05 21:39:00,2026-01-05 23:31:00,Clear,-1.0,21.3,5.8,4.67,30,1.1,0,26
FL-1200,SkyWings,SK711,FRA,LHR,2026-01-18 18:46:00,2026-01-18 19:37:00,Rain,9.9,35.5,7.4,6.04,3,21.8,1,56
FL-1201,NimbusAero,NI489,ORD,ATL,2026-01-13 11:43:00,2026-01-13 15:02:00,Rain,13.7,4.7,4.6,4.79,74,10.9,0,80
FL-1202,JetExpress,JE352,HND,ATL,2026-01-22 02:06:00,2026-01-22 03:45:00,Overcast,4.6,42.8,3.7,6.58,1,17.8,0,31
FL-1203,NimbusAero,NI708,ORD,LHR,2026-01-15 20:15:00,2026-01-16 02:08:00,Fog,-0.4,15.5,9.7,9.72,11,6.8,0,69
FL-1204,OceanicAir,OC689,ATL,CDG,2026-01-18 08:45:00,2026-01-18 11:53:00,High Winds,27.7,17.7,9.4,2.8,14,21.9,1,69
FL-1205,SkyWings,SK844,HND,ATL,2026-01-21 04:54:00,2026-01-21 08:08:00,High Winds,23.3,37.2,8.1,4.68,14,11.2,0,76
FL-1206,AeroGlobal,AE358,ORD,HND,2026-01-18 09:46:00,2026-01-18 11:08:00,Thunderstorm,37.6,22.6,4.3,5.56,13,20.3,0,72
FL-1207,JetExpress,JE818,DXB,LAX,2026-01-06 05:27:00,2026-01-06 08:19:00,Fog,21.9,9.2,6.3,6.07,14,14.4,0,67
FL-1208,JetExpress,JE915,CDG,LAX,2026-01-01 17:31:00,2026-01-01 19:06:00,Rain,0.7,34.1,5.8,7.19,4,5.3,0,37
FL-1209,OceanicAir,OC890,FRA,DXB,2026-01-08 02:39:00,2026-01-08 06:20:00,Clear,13.2,14.7,9.2,1.77,6,18.4,0,0
FL-1210,JetExpress,JE566,ATL,FRA,2026-01-23 05:29:00,2026-01-23 09:12:00,Thunderstorm,-5.3,33.0,4.8,1.6,13,1.5,0,45
FL-1211,SkyWings,SK969,LHR,LAX,2026-01-08 17:31:00,2026-01-08 20:20:00,Snow,-1.6,8.9,5.8,9.63,25,5.5,0,85
FL-1212,AeroGlobal,AE290,CDG,HND,2026-01-02 13:53:00,2026-01-02 19:52:00,Overcast,11.6,20.5,0.5,2.93,17,6.5,0,31
FL-1213,SkyWings,SK691,LAX,FRA,2026-01-09 18:12:00,2026-01-09 22:04:00,Rain,-0.5,6.9,6.9,5.41,8,21.3,0,50
FL-1214,OceanicAir,OC701,LAX,CDG,2026-01-17 06:27:00,2026-01-17 11:06:00,Snow,-1.7,31.0,8.1,9.27,40,13.2,0,94
FL-1215,JetExpress,JE220,ATL,LHR,2026-01-06 13:44:00,2026-01-06 16:02:00,Rain,23.3,24.0,4.5,2.24,24,8.7,0,29
FL-1216,NimbusAero,NI650,ORD,FRA,2026-01-08 20:15:00,2026-01-09 01:10:00,Rain,-3.3,15.5,4.8,1.48,65,8.2,0,56
FL-1217,AeroGlobal,AE299,CDG,FRA,2026-01-24 06:04:00,2026-01-24 12:23:00,Thunderstorm,9.6,23.1,7.2,4.99,7,4.1,0,57
FL-1218,AeroGlobal,AE399,JFK,LHR,2026-01-11 11:35:00,2026-01-11 16:55:00,Rain,-1.9,21.7,7.6,7.89,52,12.3,0,71
FL-1219,SkyWings,SK374,DXB,LHR,2026-01-25 22:03:00,2026-01-25 23:09:00,High Winds,24.5,25.5,9.9,1.92,9,18.3,0,41
FL-1220,SkyWings,SK560,DFW,CDG,2026-01-05 05:00:00,2026-01-05 09:29:00,High Winds,37.7,35.4,2.8,8.3,8,13.1,0,60
FL-1221,NimbusAero,NI724,CDG,ORD,2026-01-29 07:00:00,2026-01-29 08:56:00,High Winds,-0.1,10.9,1.1,4.16,30,6.5,0,63
FL-1222,JetExpress,JE820,DFW,LHR,2026-01-27 07:34:00,2026-01-27 10:35:00,High Winds,14.7,40.7,8.2,2.22,25,16.6,0,60
FL-1223,JetExpress,JE987,ORD,ATL,2026-01-12 14:42:00,2026-01-12 16:41:00,Fog,5.5,12.6,8.5,4.53,43,3.6,0,72
FL-1224,NimbusAero,NI524,CDG,DXB,2026-01-04 16:29:00,2026-01-04 22:38:00,High Winds,32.2,6.0,5.4,3.5,28,20.6,0,64
FL-1225,JetExpress,JE695,JFK,ORD,2026-01-22 02:44:00,2026-01-22 08:54:00,Fog,23.5,38.6,8.1,4.58,2,21.3,0,26
FL-1226,JetExpress,JE948,DFW,CDG,2026-01-26 03:48:00,2026-01-26 09:28:00,Overcast,17.2,22.9,3.8,7.14,46,1.5,0,41
FL-1227,OceanicAir,OC116,LAX,ATL,2026-01-21 08:00:00,2026-01-21 12:38:00,Clear,37.6,20.4,10.0,9.18,16,19.5,0,47
FL-1228,JetExpress,JE195,LHR,DFW,2026-01-05 00:01:00,2026-01-05 03:56:00,Fog,33.4,9.1,4.3,3.75,14,15.5,1,61
FL-1229,NimbusAero,NI197,JFK,DFW,2026-01-22 22:48:00,2026-01-23 00:12:00,Overcast,18.5,24.3,4.7,1.07,16,7.9,0,13
FL-1230,OceanicAir,OC810,ORD,DXB,2026-01-04 11:21:00,2026-01-04 14:03:00,Thunderstorm,-5.7,36.7,1.5,4.31,11,6.9,0,65
FL-1231,AeroGlobal,AE756,ORD,LAX,2026-01-25 09:27:00,2026-01-25 15:00:00,Clear,19.3,9.1,3.8,2.92,28,16.6,0,43
FL-1232,OceanicAir,OC980,ATL,LAX,2026-01-05 19:44:00,2026-01-05 21:40:00,High Winds,-4.1,33.4,3.8,4.86,12,17.5,1,87
FL-1233,AeroGlobal,AE666,FRA,DFW,2026-01-02 11:17:00,2026-01-02 17:39:00,Rain,-0.1,28.1,2.3,4.53,7,14.4,0,36
FL-1234,AeroGlobal,AE606,CDG,LAX,2026-01-12 05:19:00,2026-01-12 10:19:00,Fog,18.5,24.7,9.8,9.88,2,20.6,1,101
FL-1235,TransFlight,TR530,LHR,FRA,2026-01-09 02:42:00,2026-01-09 07:28:00,High Winds,-6.5,27.3,0.6,2.94,3,20.3,0,49
FL-1236,JetExpress,JE743,DXB,CDG,2026-01-20 12:39:00,2026-01-20 19:23:00,Thunderstorm,-6.0,25.1,6.4,3.5,2,7.2,0,41
FL-1237,AeroGlobal,AE927,ORD,FRA,2026-01-16 02:53:00,2026-01-16 06:58:00,Snow,20.4,37.9,7.0,1.6,8,15.5,0,67
FL-1238,SkyWings,SK350,LAX,HND,2026-01-06 12:41:00,2026-01-06 17:18:00,Snow,19.2,15.3,7.5,7.67,35,3.1,0,89
FL-1239,NimbusAero,NI111,ORD,DXB,2026-01-17 00:41:00,2026-01-17 05:53:00,Snow,27.6,33.0,2.1,2.14,22,17.3,0,42
FL-1240,SkyWings,SK443,CDG,DFW,2026-01-25 02:11:00,2026-01-25 03:28:00,Rain,24.2,26.8,1.2,5.1,7,8.2,0,44
FL-1241,TransFlight,TR270,LHR,ORD,2026-01-12 20:39:00,2026-01-12 22:16:00,Snow,22.4,7.0,7.5,1.02,44,19.0,1,79
FL-1242,JetExpress,JE492,ORD,ATL,2026-01-02 20:37:00,2026-01-03 02:05:00,High Winds,33.9,33.8,4.5,3.9,2,9.4,0,49
FL-1243,JetExpress,JE945,LAX,CDG,2026-01-06 16:25:00,2026-01-06 21:27:00,Fog,33.3,9.7,8.1,9.83,4,21.0,1,89
FL-1244,JetExpress,JE892,DFW,CDG,2026-01-05 04:21:00,2026-01-05 09:49:00,Thunderstorm,-9.6,10.6,5.9,3.74,9,13.9,0,62
FL-1245,TransFlight,TR605,ATL,FRA,2026-01-12 09:44:00,2026-01-12 11:46:00,Clear,34.8,3.0,5.6,6.72,5,15.4,1,51
FL-1246,NimbusAero,NI485,DFW,LAX,2026-01-10 14:07:00,2026-01-10 19:23:00,Overcast,10.2,43.3,9.7,2.28,15,6.5,0,18
FL-1247,AeroGlobal,AE965,DXB,CDG,2026-01-18 04:51:00,2026-01-18 09:30:00,Fog,-5.9,6.1,1.8,8.38,2,2.1,0,56
FL-1248,OceanicAir,OC778,ORD,DFW,2026-01-14 12:35:00,2026-01-14 15:33:00,High Winds,5.1,36.4,7.2,7.62,2,7.3,0,43
FL-1249,SkyWings,SK307,ORD,LAX,2026-01-08 07:44:00,2026-01-08 09:23:00,Overcast,11.6,15.5,1.6,4.22,6,17.1,0,26
FL-1250,SkyWings,SK192,ORD,LHR,2026-01-28 16:58:00,2026-01-28 18:03:00,Overcast,30.1,16.1,1.4,3.23,34,8.1,0,55
FL-1251,NimbusAero,NI406,DFW,ORD,2026-01-02 15:56:00,2026-01-02 20:08:00,High Winds,11.7,34.2,2.9,5.16,2,17.8,1,57
FL-1252,AeroGlobal,AE233,ATL,HND,2026-01-18 04:35:00,2026-01-18 11:11:00,Fog,35.0,5.6,6.1,9.26,3,2.1,0,59
FL-1253,AeroGlobal,AE761,HND,ORD,2026-01-05 10:27:00,2026-01-05 14:01:00,Clear,-8.0,21.8,2.1,6.16,1,18.2,0,17
FL-1254,NimbusAero,NI536,ORD,CDG,2026-01-11 00:31:00,2026-01-11 02:51:00,Rain,3.4,40.0,0.8,6.57,1,5.8,0,20
FL-1255,OceanicAir,OC663,HND,JFK,2026-01-05 05:48:00,2026-01-05 08:56:00,Thunderstorm,-3.4,10.6,8.9,5.73,6,14.1,0,75
FL-1256,SkyWings,SK491,LHR,DXB,2026-01-26 00:45:00,2026-01-26 05:38:00,Rain,33.8,23.6,4.2,2.62,10,7.4,0,24
FL-1257,JetExpress,JE159,HND,FRA,2026-01-17 12:24:00,2026-01-17 18:08:00,Overcast,36.8,6.3,6.7,3.4,24,18.1,0,29
FL-1258,AeroGlobal,AE689,CDG,LHR,2026-01-09 03:44:00,2026-01-09 05:59:00,Overcast,18.4,36.7,7.1,9.23,14,1.1,0,53
FL-1259,TransFlight,TR677,ORD,DFW,2026-01-23 15:38:00,2026-01-23 21:00:00,Rain,-1.6,3.6,1.0,6.41,20,0.9,0,40
FL-1260,JetExpress,JE728,ATL,ORD,2026-01-16 18:11:00,2026-01-17 01:03:00,Overcast,34.1,38.3,3.6,1.2,3,13.1,0,4
FL-1261,SkyWings,SK966,DXB,LHR,2026-01-04 13:13:00,2026-01-04 17:09:00,Fog,35.2,19.0,1.5,3.72,9,3.4,0,26
FL-1262,OceanicAir,OC910,HND,LHR,2026-01-09 04:16:00,2026-01-09 11:03:00,Snow,23.3,41.9,8.0,3.01,14,13.2,0,41
FL-1263,JetExpress,JE851,DFW,ORD,2026-01-09 08:06:00,2026-01-09 15:04:00,Clear,35.5,42.8,4.2,9.95,20,21.3,1,45
FL-1264,TransFlight,TR326,FRA,LAX,2026-01-23 19:57:00,2026-01-23 21:54:00,Rain,25.8,12.2,9.8,2.51,0,19.5,1,51
FL-1265,NimbusAero,NI846,LHR,DXB,2026-01-01 18:26:00,2026-01-01 21:26:00,Overcast,2.0,4.9,2.9,1.97,33,0.5,0,20
FL-1266,NimbusAero,NI529,ORD,HND,2026-01-23 16:34:00,2026-01-23 20:32:00,Rain,16.2,6.4,5.1,8.78,10,14.5,0,40
FL-1267,AeroGlobal,AE562,LAX,JFK,2026-01-14 16:07:00,2026-01-14 17:02:00,Rain,2.5,6.5,3.7,8.99,8,4.0,0,46
FL-1268,SkyWings,SK446,FRA,HND,2026-01-02 15:51:00,2026-01-02 20:16:00,Fog,-2.1,40.3,2.0,1.91,11,4.9,0,26
FL-1269,NimbusAero,NI667,DXB,DFW,2026-01-14 01:29:00,2026-01-14 04:46:00,Overcast,-5.4,18.9,5.7,5.42,7,1.7,0,16
FL-1270,SkyWings,SK401,FRA,HND,2026-01-10 08:05:00,2026-01-10 09:39:00,Clear,-0.1,29.4,9.8,5.26,0,3.0,0,8
FL-1271,OceanicAir,OC600,DFW,LAX,2026-01-30 11:05:00,2026-01-30 16:28:00,Thunderstorm,-1.1,40.1,4.0,5.01,5,6.2,0,58
FL-1272,AeroGlobal,AE957,DFW,JFK,2026-01-08 03:04:00,2026-01-08 09:45:00,Fog,-5.4,30.7,8.2,4.73,1,16.8,1,58
FL-1273,OceanicAir,OC938,DXB,CDG,2026-01-25 14:55:00,2026-01-25 21:31:00,High Winds,34.9,26.6,2.7,3.69,17,9.0,0,69
FL-1274,SkyWings,SK614,FRA,DXB,2026-01-27 06:12:00,2026-01-27 12:43:00,Snow,-2.9,42.8,4.8,9.54,23,4.1,0,67
FL-1275,AeroGlobal,AE229,JFK,HND,2026-01-04 19:35:00,2026-01-05 02:09:00,Thunderstorm,-0.3,37.4,1.9,6.36,11,7.4,0,80
FL-1276,SkyWings,SK189,CDG,FRA,2026-01-19 08:01:00,2026-01-19 13:28:00,Rain,31.1,24.3,9.2,1.11,13,15.6,0,21
FL-1277,SkyWings,SK524,ORD,ATL,2026-01-27 00:52:00,2026-01-27 06:38:00,Snow,26.4,42.4,9.3,6.06,2,2.7,0,69
FL-1278,TransFlight,TR452,CDG,DFW,2026-01-18 16:23:00,2026-01-18 22:43:00,Thunderstorm,17.5,22.3,2.1,4.63,5,13.8,0,83
FL-1279,OceanicAir,OC139,CDG,LHR,2026-01-12 01:29:00,2026-01-12 02:39:00,Fog,12.8,13.5,4.0,4.04,12,17.6,0,38
FL-1280,NimbusAero,NI801,LAX,DFW,2026-01-07 08:47:00,2026-01-07 12:05:00,Fog,11.3,37.5,3.1,4.75,6,14.4,0,41
FL-1281,AeroGlobal,AE943,CDG,DXB,2026-01-24 18:09:00,2026-01-24 22:05:00,High Winds,-7.3,36.0,1.1,7.39,4,9.2,0,65
FL-1282,TransFlight,TR682,JFK,ATL,2026-01-10 00:32:00,2026-01-10 02:59:00,High Winds,-7.2,3.4,1.0,4.24,1,4.8,0,38
FL-1283,OceanicAir,OC617,CDG,LAX,2026-01-02 15:22:00,2026-01-02 18:10:00,Rain,13.5,21.2,9.6,5.27,2,12.4,0,24
FL-1284,JetExpress,JE866,LAX,LHR,2026-01-02 11:58:00,2026-01-02 16:00:00,Clear,-2.2,26.6,9.7,8.71,3,14.4,0,24
FL-1285,JetExpress,JE767,CDG,FRA,2026-01-02 03:54:00,2026-01-02 10:28:00,Clear,12.8,7.7,2.1,8.21,34,5.3,0,44
FL-1286,JetExpress,JE829,DFW,HND,2026-01-18 09:12:00,2026-01-18 12:55:00,Thunderstorm,2.1,22.1,6.9,8.42,1,9.0,0,39
FL-1287,TransFlight,TR778,LHR,FRA,2026-01-30 17:04:00,2026-01-30 22:53:00,Snow,3.6,31.4,5.1,4.03,60,6.4,0,88
FL-1288,JetExpress,JE367,DFW,ATL,2026-01-08 01:45:00,2026-01-08 06:54:00,High Winds,1.5,4.4,8.6,8.29,1,9.2,0,60
FL-1289,AeroGlobal,AE838,JFK,DXB,2026-01-14 16:52:00,2026-01-14 19:49:00,Thunderstorm,9.4,33.7,6.0,9.95,30,18.0,0,103
FL-1290,NimbusAero,NI647,HND,LHR,2026-01-24 08:07:00,2026-01-24 11:25:00,High Winds,-1.8,30.3,5.8,3.64,25,10.6,0,55
FL-1291,NimbusAero,NI927,DXB,ORD,2026-01-16 12:36:00,2026-01-16 18:56:00,Clear,0.7,11.6,8.8,4.78,16,19.6,0,21
FL-1292,OceanicAir,OC971,LAX,DXB,2026-01-03 16:37:00,2026-01-03 22:46:00,Snow,17.9,28.7,5.0,2.75,39,3.1,0,92
FL-1293,TransFlight,TR405,CDG,JFK,2026-01-08 02:41:00,2026-01-08 04:36:00,Overcast,6.4,44.4,9.0,9.88,4,3.6,0,57
FL-1294,AeroGlobal,AE897,LAX,DXB,2026-01-16 09:19:00,2026-01-16 15:27:00,Overcast,5.0,4.5,4.8,2.88,22,17.1,0,20
FL-1295,SkyWings,SK232,FRA,CDG,2026-01-30 01:56:00,2026-01-30 06:20:00,Thunderstorm,10.6,22.5,0.5,5.8,8,16.2,0,71
FL-1296,TransFlight,TR295,JFK,LAX,2026-01-29 18:30:00,2026-01-30 01:30:00,Overcast,0.9,39.7,3.5,1.92,10,11.3,0,11
FL-1297,SkyWings,SK943,JFK,LHR,2026-01-14 11:39:00,2026-01-14 16:17:00,Fog,15.0,24.5,4.6,7.18,14,3.4,0,63
FL-1298,OceanicAir,OC467,ATL,ORD,2026-01-19 14:36:00,2026-01-19 15:30:00,Overcast,0.8,44.3,2.5,1.2,5,11.3,0,0
FL-1299,NimbusAero,NI766,JFK,HND,2026-01-30 09:24:00,2026-01-30 12:19:00,High Winds,15.7,4.1,9.9,6.96,9,14.6,0,54
FL-1300,NimbusAero,NI218,CDG,DXB,2026-01-18 13:20:00,2026-01-18 15:08:00,Snow,2.1,32.2,2.5,7.17,11,0.7,0,64
FL-1301,SkyWings,SK778,DXB,DFW,2026-01-29 14:15:00,2026-01-29 20:10:00,Fog,-3.4,37.7,1.5,7.47,2,3.0,0,42
FL-1302,SkyWings,SK609,ATL,DFW,2026-01-13 05:15:00,2026-01-13 10:27:00,Overcast,7.2,19.6,2.0,5.93,0,20.1,0,18
FL-1303,AeroGlobal,AE102,JFK,ORD,2026-01-06 06:37:00,2026-01-06 12:15:00,Fog,13.7,42.8,7.9,1.68,17,16.1,0,51
FL-1304,OceanicAir,OC403,DFW,DXB,2026-01-03 12:42:00,2026-01-03 14:18:00,High Winds,-1.6,3.7,3.3,8.21,21,7.2,0,68
FL-1305,SkyWings,SK971,JFK,LAX,2026-01-07 13:09:00,2026-01-07 19:33:00,Fog,-1.8,17.4,4.7,6.6,7,19.4,1,101
FL-1306,AeroGlobal,AE216,CDG,HND,2026-01-22 00:39:00,2026-01-22 03:43:00,High Winds,8.5,38.6,8.1,6.84,6,17.6,1,83
FL-1307,SkyWings,SK964,ORD,LAX,2026-01-20 04:24:00,2026-01-20 10:11:00,Thunderstorm,28.5,31.2,2.2,4.42,2,8.2,0,50
FL-1308,NimbusAero,NI958,ORD,DXB,2026-01-23 11:09:00,2026-01-23 12:51:00,Thunderstorm,11.2,4.7,6.7,1.11,1,19.2,0,61
FL-1309,NimbusAero,NI678,ATL,CDG,2026-01-24 20:59:00,2026-01-25 02:11:00,Fog,23.6,6.1,6.8,3.24,27,7.9,0,71
FL-1310,OceanicAir,OC252,DXB,JFK,2026-01-01 18:43:00,2026-01-02 00:57:00,Overcast,14.3,22.2,5.2,2.49,2,16.7,0,7
FL-1311,JetExpress,JE151,DXB,ATL,2026-01-26 07:17:00,2026-01-26 13:31:00,Thunderstorm,9.4,12.1,4.9,8.21,2,10.1,0,90
FL-1312,OceanicAir,OC423,LAX,DXB,2026-01-30 23:39:00,2026-01-31 00:33:00,Clear,9.4,3.5,5.7,8.43,2,17.5,0,36
FL-1313,TransFlight,TR675,ATL,DXB,2026-01-16 18:18:00,2026-01-16 22:09:00,High Winds,-7.4,11.6,4.8,6.04,11,13.8,0,68
FL-1314,NimbusAero,NI472,HND,LAX,2026-01-05 16:25:00,2026-01-05 22:47:00,Overcast,-9.9,17.3,6.5,8.2,6,12.3,0,32
FL-1315,SkyWings,SK146,ORD,DXB,2026-01-07 15:24:00,2026-01-07 22:16:00,Fog,24.6,6.6,6.3,2.69,25,20.5,0,58
FL-1316,AeroGlobal,AE833,LHR,LAX,2026-01-20 02:42:00,2026-01-20 03:50:00,Fog,30.2,27.3,7.8,5.05,8,14.7,0,48
FL-1317,AeroGlobal,AE610,JFK,FRA,2026-01-03 11:03:00,2026-01-03 16:31:00,Thunderstorm,30.3,22.8,5.3,9.29,5,4.3,0,60
FL-1318,NimbusAero,NI934,ORD,LAX,2026-01-18 21:09:00,2026-01-19 03:30:00,Snow,19.1,15.8,8.9,4.77,20,13.6,0,52
FL-1319,AeroGlobal,AE380,CDG,LHR,2026-01-14 15:18:00,2026-01-14 19:54:00,High Winds,-3.6,19.7,7.2,7.74,34,6.9,0,81
FL-1320,JetExpress,JE828,DXB,ATL,2026-01-10 09:25:00,2026-01-10 11:57:00,Snow,24.3,31.5,9.3,2.19,7,15.8,0,49
FL-1321,TransFlight,TR810,LHR,LAX,2026-01-17 06:44:00,2026-01-17 12:16:00,Thunderstorm,18.0,42.5,7.2,7.07,14,19.7,0,89
FL-1322,OceanicAir,OC927,JFK,FRA,2026-01-06 02:17:00,2026-01-06 03:14:00,Thunderstorm,-3.0,30.8,2.4,7.75,1,4.0,0,69
FL-1323,JetExpress,JE249,JFK,LHR,2026-01-10 12:49:00,2026-01-10 18:11:00,Clear,7.2,21.5,6.4,7.08,6,12.6,0,34
FL-1324,NimbusAero,NI674,CDG,ATL,2026-01-24 12:03:00,2026-01-24 18:44:00,Rain,23.3,4.0,4.1,4.75,2,17.4,0,38
FL-1325,SkyWings,SK113,DFW,ATL,2026-01-29 11:49:00,2026-01-29 16:20:00,High Winds,0.8,29.3,7.2,4.31,11,13.2,0,68
FL-1326,AeroGlobal,AE894,ATL,LHR,2026-01-21 16:13:00,2026-01-21 18:28:00,Fog,-6.4,43.4,7.5,2.07,33,1.4,0,44
FL-1327,JetExpress,JE233,ORD,LHR,2026-01-01 12:09:00,2026-01-01 15:43:00,Thunderstorm,24.1,8.7,2.0,3.9,5,1.6,0,77
FL-1328,TransFlight,TR963,DFW,DXB,2026-01-27 07:30:00,2026-01-27 12:56:00,Rain,-6.5,32.4,5.5,9.61,4,11.7,0,65
FL-1329,AeroGlobal,AE525,DXB,FRA,2026-01-19 14:38:00,2026-01-19 16:10:00,Rain,0.6,11.2,3.7,4.25,31,5.2,0,51
FL-1330,TransFlight,TR586,DXB,JFK,2026-01-06 11:18:00,2026-01-06 17:45:00,Rain,11.4,40.9,6.3,6.59,6,21.1,0,50
FL-1331,SkyWings,SK495,DFW,FRA,2026-01-14 02:55:00,2026-01-14 03:52:00,Snow,29.5,18.1,8.1,5.01,2,1.4,0,58
FL-1332,AeroGlobal,AE428,DXB,LAX,2026-01-05 14:48:00,2026-01-05 16:58:00,High Winds,15.8,2.3,1.1,7.03,3,17.1,0,65
FL-1333,SkyWings,SK310,DXB,CDG,2026-01-30 16:13:00,2026-01-30 17:34:00,Fog,22.9,3.0,7.3,1.34,15,2.1,0,44
FL-1334,JetExpress,JE671,LAX,DFW,2026-01-13 00:30:00,2026-01-13 04:43:00,Thunderstorm,11.7,19.4,3.5,4.51,17,3.0,0,41
FL-1335,NimbusAero,NI733,LAX,JFK,2026-01-04 13:17:00,2026-01-04 17:05:00,Snow,-4.9,35.8,3.4,1.78,6,17.0,0,45
FL-1336,NimbusAero,NI131,HND,ORD,2026-01-25 12:41:00,2026-01-25 15:18:00,Overcast,25.8,36.3,8.6,3.65,3,14.1,0,19
FL-1337,NimbusAero,NI763,LHR,JFK,2026-01-26 10:35:00,2026-01-26 16:04:00,Overcast,-4.1,2.2,6.2,5.83,7,20.9,0,36
FL-1338,NimbusAero,NI452,ATL,HND,2026-01-30 15:31:00,2026-01-30 20:38:00,Overcast,-2.3,11.5,8.4,2.75,9,4.4,0,20
FL-1339,SkyWings,SK971,DXB,HND,2026-01-30 14:09:00,2026-01-30 19:35:00,Clear,4.0,4.9,1.4,7.53,14,11.0,0,61
FL-1340,AeroGlobal,AE787,ATL,LAX,2026-01-14 05:26:00,2026-01-14 11:28:00,Clear,33.2,15.7,4.8,6.55,0,7.1,0,41
FL-1341,TransFlight,TR680,LHR,CDG,2026-01-20 17:49:00,2026-01-20 20:00:00,Clear,5.0,35.8,7.3,6.77,38,6.4,0,52
FL-1342,NimbusAero,NI850,LHR,DXB,2026-01-22 07:33:00,2026-01-22 12:06:00,Rain,27.2,22.9,1.5,6.81,18,2.3,0,48
FL-1343,AeroGlobal,AE651,ATL,LHR,2026-01-29 18:26:00,2026-01-29 19:50:00,Fog,-6.4,2.8,5.3,1.28,13,13.0,0,24
FL-1344,TransFlight,TR317,JFK,FRA,2026-01-13 02:39:00,2026-01-13 08:02:00,Snow,12.7,35.3,4.0,3.01,8,17.1,0,48
FL-1345,OceanicAir,OC613,DXB,LAX,2026-01-19 07:23:00,2026-01-19 11:14:00,Snow,-9.5,12.3,9.7,9.84,38,15.2,0,86
FL-1346,AeroGlobal,AE283,FRA,ORD,2026-01-23 06:06:00,2026-01-23 09:54:00,Clear,0.5,23.0,1.1,4.32,8,1.4,0,45
FL-1347,JetExpress,JE497,HND,DXB,2026-01-03 08:43:00,2026-01-03 09:48:00,Fog,5.6,32.3,5.5,8.47,7,18.4,0,65
FL-1348,AeroGlobal,AE485,CDG,LHR,2026-01-27 23:54:00,2026-01-28 06:13:00,High Winds,-6.3,12.8,9.7,3.01,0,9.2,0,57
FL-1349,JetExpress,JE598,HND,JFK,2026-01-24 02:08:00,2026-01-24 04:04:00,Thunderstorm,-2.1,5.3,6.6,2.9,0,4.5,0,46
FL-1350,NimbusAero,NI936,LAX,DFW,2026-01-20 02:52:00,2026-01-20 06:26:00,Fog,-4.6,31.0,5.1,6.32,6,14.4,0,58
FL-1351,AeroGlobal,AE144,ORD,ATL,2026-01-07 09:09:00,2026-01-07 15:16:00,Snow,-8.1,26.6,1.0,3.32,37,4.4,0,55
FL-1352,TransFlight,TR677,JFK,LHR,2026-01-05 03:39:00,2026-01-05 06:14:00,Thunderstorm,19.1,22.3,5.1,2.97,6,9.3,0,62
FL-1353,TransFlight,TR940,ORD,FRA,2026-01-13 06:55:00,2026-01-13 09:05:00,Fog,22.9,41.7,6.2,1.62,9,8.6,0,22
FL-1354,SkyWings,SK307,DXB,FRA,2026-01-20 08:31:00,2026-01-20 10:32:00,Snow,-5.4,22.5,6.3,1.35,3,17.4,0,22
FL-1355,OceanicAir,OC775,ORD,FRA,2026-01-01 07:18:00,2026-01-01 13:50:00,Fog,10.7,20.1,8.8,7.28,2,9.7,0,57
FL-1356,OceanicAir,OC908,CDG,LHR,2026-01-28 01:23:00,2026-01-28 08:04:00,Snow,-5.3,7.8,5.0,3.09,10,19.0,0,68
FL-1357,OceanicAir,OC363,ATL,JFK,2026-01-01 13:46:00,2026-01-01 19:26:00,Snow,-4.3,2.3,6.7,7.19,6,7.3,0,59
FL-1358,AeroGlobal,AE536,FRA,DFW,2026-01-13 03:24:00,2026-01-13 08:43:00,Thunderstorm,17.1,28.3,9.9,4.58,13,4.9,0,60
FL-1359,TransFlight,TR594,ORD,CDG,2026-01-26 16:40:00,2026-01-26 22:09:00,Thunderstorm,2.2,15.2,3.8,7.35,48,16.3,0,109
FL-1360,NimbusAero,NI335,HND,ORD,2026-01-05 19:31:00,2026-01-05 22:05:00,Snow,9.2,16.6,5.7,7.27,2,15.7,1,83
FL-1361,SkyWings,SK923,LAX,ATL,2026-01-22 17:11:00,2026-01-22 23:03:00,Thunderstorm,-5.8,13.3,4.0,6.48,86,16.1,0,115
FL-1362,NimbusAero,NI633,DFW,JFK,2026-01-09 05:26:00,2026-01-09 11:38:00,Thunderstorm,11.1,10.7,6.7,8.24,10,6.6,0,60
FL-1363,TransFlight,TR622,DXB,ATL,2026-01-29 05:57:00,2026-01-29 08:08:00,Fog,-8.3,12.3,0.5,2.42,20,21.9,0,45
FL-1364,OceanicAir,OC515,FRA,ATL,2026-01-24 19:30:00,2026-01-24 20:22:00,Fog,23.8,41.5,5.7,7.54,3,12.5,0,53
FL-1365,JetExpress,JE935,DFW,ATL,2026-01-28 20:18:00,2026-01-28 22:42:00,Thunderstorm,34.6,26.7,3.0,4.66,3,2.8,0,53
FL-1366,JetExpress,JE448,LAX,FRA,2026-01-12 23:28:00,2026-01-13 04:48:00,High Winds,28.1,12.8,4.7,4.39,0,10.9,0,66
FL-1367,JetExpress,JE894,HND,DXB,2026-01-27 22:58:00,2026-01-27 23:57:00,Thunderstorm,-4.4,4.9,6.5,9.95,1,15.1,1,84
FL-1368,JetExpress,JE628,DXB,JFK,2026-01-13 05:38:00,2026-01-13 08:30:00,Rain,-5.5,31.0,8.3,1.68,22,20.5,0,44
FL-1369,TransFlight,TR375,ORD,DFW,2026-01-23 23:02:00,2026-01-24 01:29:00,Overcast,25.3,39.5,2.5,2.82,8,5.9,0,0
FL-1370,AeroGlobal,AE897,LAX,ORD,2026-01-04 19:43:00,2026-01-05 02:14:00,Fog,13.6,2.3,8.6,9.62,7,18.7,0,48
FL-1371,TransFlight,TR989,DFW,DXB,2026-01-09 13:44:00,2026-01-09 18:50:00,Rain,9.1,34.3,1.7,5.73,3,9.6,0,39
FL-1372,SkyWings,SK614,LHR,HND,2026-01-09 04:55:00,2026-01-09 09:34:00,Clear,23.5,21.8,7.0,1.11,29,5.0,0,20
FL-1373,JetExpress,JE470,FRA,DFW,2026-01-09 18:25:00,2026-01-09 23:50:00,Rain,1.4,22.3,6.3,4.29,4,11.2,0,33
FL-1374,NimbusAero,NI870,LHR,CDG,2026-01-19 11:33:00,2026-01-19 14:41:00,Thunderstorm,-1.4,7.6,6.0,3.06,15,2.6,0,55
FL-1375,AeroGlobal,AE668,CDG,HND,2026-01-10 04:09:00,2026-01-10 06:08:00,High Winds,36.0,8.4,8.2,2.59,2,11.2,0,48
FL-1376,NimbusAero,NI629,DXB,LHR,2026-01-23 09:31:00,2026-01-23 12:49:00,Rain,17.0,26.4,4.3,7.21,18,1.8,0,49
FL-1377,OceanicAir,OC959,LAX,DXB,2026-01-16 11:32:00,2026-01-16 14:30:00,Rain,7.3,26.0,8.2,4.1,3,9.4,0,27
FL-1378,NimbusAero,NI720,ATL,FRA,2026-01-09 04:38:00,2026-01-09 07:48:00,Rain,5.6,23.9,7.9,5.02,3,2.2,0,33
FL-1379,OceanicAir,OC746,ORD,ATL,2026-01-30 09:41:00,2026-01-30 13:18:00,Thunderstorm,20.3,26.6,8.6,1.64,2,4.0,0,43
FL-1380,JetExpress,JE768,DFW,LHR,2026-01-28 19:14:00,2026-01-29 01:29:00,Thunderstorm,3.0,21.1,8.7,4.27,15,13.1,0,78
FL-1381,OceanicAir,OC271,ORD,JFK,2026-01-06 22:34:00,2026-01-07 05:31:00,Overcast,21.8,42.4,7.2,1.72,4,4.1,0,8
FL-1382,SkyWings,SK999,HND,FRA,2026-01-03 16:47:00,2026-01-03 17:45:00,High Winds,9.1,34.9,1.3,3.36,19,3.8,0,58
FL-1383,OceanicAir,OC416,ATL,DFW,2026-01-14 04:23:00,2026-01-14 08:54:00,Fog,-3.9,24.6,2.1,1.32,7,8.2,0,43
FL-1384,OceanicAir,OC578,DXB,DFW,2026-01-26 05:09:00,2026-01-26 09:41:00,Overcast,36.5,32.0,2.2,6.38,16,14.1,0,29
FL-1385,TransFlight,TR545,DXB,FRA,2026-01-15 08:13:00,2026-01-15 11:55:00,Thunderstorm,15.9,36.6,4.7,4.29,33,6.1,0,65
FL-1386,SkyWings,SK635,ORD,CDG,2026-01-14 07:13:00,2026-01-14 11:58:00,Snow,-9.6,41.6,9.5,5.29,0,0.7,0,35
FL-1387,JetExpress,JE711,ATL,JFK,2026-01-26 04:47:00,2026-01-26 08:43:00,Overcast,9.8,26.1,4.3,2.47,33,16.3,0,49
FL-1388,JetExpress,JE181,CDG,ATL,2026-01-24 18:16:00,2026-01-25 00:14:00,High Winds,23.3,13.7,6.7,5.79,25,6.3,0,47
FL-1389,SkyWings,SK286,ORD,LHR,2026-01-06 06:32:00,2026-01-06 12:43:00,Thunderstorm,19.7,13.7,6.4,2.69,7,0.9,0,38
FL-1390,TransFlight,TR122,ORD,LAX,2026-01-14 02:08:00,2026-01-14 05:10:00,Overcast,24.3,33.3,2.7,2.36,13,11.1,0,26
FL-1391,JetExpress,JE904,HND,LHR,2026-01-22 08:28:00,2026-01-22 15:09:00,High Winds,-8.5,5.4,7.6,2.31,7,6.2,0,26
FL-1392,TransFlight,TR581,ORD,DFW,2026-01-12 15:09:00,2026-01-12 19:09:00,High Winds,-9.4,43.9,7.3,4.46,12,21.5,1,64
FL-1393,AeroGlobal,AE571,LAX,FRA,2026-01-10 17:40:00,2026-01-10 22:27:00,Thunderstorm,22.7,15.4,3.6,6.66,44,1.4,0,101
FL-1394,TransFlight,TR225,DFW,DXB,2026-01-30 07:26:00,2026-01-30 10:43:00,Overcast,7.3,4.2,6.8,9.76,21,5.6,0,59
FL-1395,SkyWings,SK271,DFW,LAX,2026-01-19 06:19:00,2026-01-19 09:08:00,Clear,36.5,27.0,7.1,7.2,24,3.8,0,39
FL-1396,AeroGlobal,AE261,HND,LAX,2026-01-29 09:43:00,2026-01-29 13:21:00,High Winds,20.0,4.6,6.6,7.31,8,17.5,1,97
FL-1397,TransFlight,TR907,LHR,DXB,2026-01-10 00:46:00,2026-01-10 01:41:00,Fog,8.1,33.1,2.9,1.36,4,15.7,0,40
FL-1398,OceanicAir,OC294,FRA,ORD,2026-01-25 23:46:00,2026-01-26 03:29:00,Rain,25.2,13.8,8.4,9.23,2,12.4,0,30
FL-1399,AeroGlobal,AE560,DFW,LHR,2026-01-25 21:34:00,2026-01-26 01:26:00,Thunderstorm,-10.0,29.4,4.1,2.67,4,0.9,0,67
FL-1400,TransFlight,TR344,LHR,LAX,2026-01-31 05:01:00,2026-01-31 10:21:00,High Winds,8.6,24.5,5.2,5.96,0,13.7,0,31
FL-1401,NimbusAero,NI429,LAX,ORD,2026-01-25 01:28:00,2026-01-25 07:50:00,Clear,-7.9,42.3,2.2,1.28,12,2.8,0,17
FL-1402,SkyWings,SK684,CDG,DXB,2026-01-25 04:20:00,2026-01-25 10:24:00,Fog,18.3,4.1,2.6,7.46,15,0.8,0,62
FL-1403,NimbusAero,NI603,LAX,DXB,2026-01-30 07:52:00,2026-01-30 09:08:00,Rain,16.8,42.3,4.5,4.32,0,15.7,0,31
FL-1404,SkyWings,SK851,LAX,LHR,2026-01-04 19:07:00,2026-01-04 21:42:00,Snow,-5.3,33.2,5.6,2.71,2,11.8,0,57
FL-1405,NimbusAero,NI283,DXB,FRA,2026-01-20 03:29:00,2026-01-20 05:08:00,High Winds,20.7,17.4,4.9,6.99,16,19.5,1,94
FL-1406,OceanicAir,OC616,LHR,ORD,2026-01-25 13:09:00,2026-01-25 19:01:00,Thunderstorm,34.8,40.8,5.7,9.97,2,18.7,0,83
FL-1407,NimbusAero,NI431,FRA,ATL,2026-01-26 21:06:00,2026-01-27 02:30:00,Overcast,8.0,25.7,7.6,4.24,7,10.2,0,31
FL-1408,SkyWings,SK843,JFK,LHR,2026-01-28 08:43:00,2026-01-28 09:36:00,Snow,-3.5,40.3,0.6,9.86,10,5.1,0,68
FL-1409,NimbusAero,NI942,DFW,FRA,2026-01-24 12:26:00,2026-01-24 17:55:00,Snow,34.4,8.7,0.9,4.2,13,3.5,0,57
FL-1410,TransFlight,TR355,ATL,LHR,2026-01-14 22:00:00,2026-01-14 23:32:00,Snow,9.2,41.5,7.5,7.51,4,17.5,1,75
FL-1411,NimbusAero,NI819,FRA,LAX,2026-01-28 08:09:00,2026-01-28 14:22:00,Rain,-8.2,36.8,4.1,8.02,6,20.3,0,38
FL-1412,OceanicAir,OC526,LAX,DFW,2026-01-30 23:00:00,2026-01-31 04:53:00,Clear,20.4,29.2,1.0,5.72,19,7.4,0,37
FL-1413,JetExpress,JE614,ATL,ORD,2026-01-03 13:10:00,2026-01-03 19:39:00,Fog,37.9,43.8,7.7,6.18,9,2.4,0,33
FL-1414,OceanicAir,OC251,ORD,CDG,2026-01-05 00:09:00,2026-01-05 04:57:00,Snow,25.8,25.6,3.0,4.59,16,9.8,0,66
FL-1415,AeroGlobal,AE592,DXB,ATL,2026-01-23 10:52:00,2026-01-23 14:59:00,Fog,17.4,26.1,10.0,5.72,3,5.7,0,45
FL-1416,OceanicAir,OC431,FRA,LAX,2026-01-06 08:54:00,2026-01-06 15:22:00,Thunderstorm,10.3,17.0,3.5,6.34,0,1.0,0,68
FL-1417,JetExpress,JE731,HND,ORD,2026-01-21 07:06:00,2026-01-21 08:13:00,High Winds,1.2,31.5,2.0,7.56,0,2.3,0,46
FL-1418,AeroGlobal,AE735,ORD,LHR,2026-01-01 21:00:00,2026-01-02 00:40:00,Fog,28.6,15.1,5.0,3.99,10,16.4,1,49
FL-1419,JetExpress,JE661,HND,ORD,2026-01-02 02:05:00,2026-01-02 06:02:00,Snow,33.5,24.7,2.9,1.54,22,4.8,0,68
FL-1420,JetExpress,JE154,HND,JFK,2026-01-04 06:44:00,2026-01-04 10:47:00,Fog,3.0,38.6,6.8,8.78,1,0.9,0,64
FL-1421,NimbusAero,NI495,ATL,HND,2026-01-24 09:27:00,2026-01-24 16:15:00,Clear,33.4,22.8,6.2,1.79,10,4.8,0,9
FL-1422,TransFlight,TR829,JFK,LAX,2026-01-12 12:13:00,2026-01-12 17:29:00,Rain,6.0,18.9,2.0,4.12,17,8.1,0,22
FL-1423,AeroGlobal,AE613,DFW,JFK,2026-01-29 17:31:00,2026-01-29 20:27:00,Thunderstorm,32.7,37.0,0.8,5.99,25,6.5,0,68
FL-1424,OceanicAir,OC772,ORD,LAX,2026-01-18 15:28:00,2026-01-18 20:39:00,Fog,19.4,28.9,2.7,3.16,24,3.8,0,47
FL-1425,TransFlight,TR437,HND,FRA,2026-01-07 05:55:00,2026-01-07 08:25:00,Fog,-3.3,25.3,8.1,8.76,13,7.1,0,76
FL-1426,TransFlight,TR238,CDG,ORD,2026-01-31 02:46:00,2026-01-31 08:20:00,Overcast,5.2,26.0,9.5,2.07,6,7.3,0,1
FL-1427,NimbusAero,NI130,LHR,HND,2026-01-19 23:11:00,2026-01-20 02:31:00,Thunderstorm,25.8,37.3,6.6,7.65,11,3.8,0,68
FL-1428,AeroGlobal,AE289,JFK,LHR,2026-01-28 19:28:00,2026-01-29 01:03:00,Snow,1.1,12.0,7.0,4.23,30,15.3,0,76
FL-1429,TransFlight,TR580,LHR,ORD,2026-01-18 21:12:00,2026-01-19 02:08:00,Thunderstorm,-3.4,10.3,0.8,7.88,16,0.8,0,82
FL-1430,OceanicAir,OC327,ATL,DFW,2026-01-04 06:14:00,2026-01-04 08:29:00,Thunderstorm,31.6,23.1,3.6,5.12,17,5.8,0,66
FL-1431,SkyWings,SK722,CDG,LHR,2026-01-19 04:31:00,2026-01-19 10:29:00,Fog,17.5,25.1,6.6,7.34,10,1.3,0,57
FL-1432,OceanicAir,OC946,JFK,DFW,2026-01-24 20:33:00,2026-01-25 01:53:00,Thunderstorm,37.2,3.7,4.2,7.89,3,21.2,1,101
FL-1433,JetExpress,JE892,DFW,DXB,2026-01-08 19:50:00,2026-01-09 00:11:00,Rain,19.4,4.3,5.4,2.28,0,18.3,0,23
FL-1434,SkyWings,SK284,FRA,DXB,2026-01-07 09:47:00,2026-01-07 13:53:00,Thunderstorm,5.5,3.1,4.8,9.07,17,19.8,0,80
FL-1435,JetExpress,JE808,ORD,LAX,2026-01-05 09:36:00,2026-01-05 11:19:00,Fog,11.6,17.6,5.5,4.46,53,17.5,0,77
FL-1436,OceanicAir,OC663,CDG,JFK,2026-01-09 00:39:00,2026-01-09 04:15:00,Snow,31.8,39.1,2.0,2.3,43,17.0,1,96
FL-1437,NimbusAero,NI887,HND,DFW,2026-01-29 18:15:00,2026-01-29 20:32:00,Clear,33.1,43.3,0.5,7.89,27,0.8,0,43
FL-1438,OceanicAir,OC656,JFK,DXB,2026-01-12 01:49:00,2026-01-12 04:25:00,Snow,21.7,21.5,4.7,6.41,5,0.6,0,54
FL-1439,JetExpress,JE734,DXB,ATL,2026-01-03 11:25:00,2026-01-03 13:44:00,Overcast,-7.4,17.0,1.9,1.29,1,12.9,0,13
FL-1440,JetExpress,JE189,JFK,ORD,2026-01-20 05:25:00,2026-01-20 07:41:00,Overcast,22.3,28.3,7.1,6.35,1,17.4,1,35
FL-1441,TransFlight,TR468,JFK,ORD,2026-01-14 20:54:00,2026-01-15 00:24:00,Rain,33.1,37.3,7.7,8.59,19,1.9,0,66
FL-1442,SkyWings,SK811,DFW,CDG,2026-01-25 05:40:00,2026-01-25 09:56:00,Snow,0.1,11.0,1.1,6.14,1,21.6,0,53
FL-1443,NimbusAero,NI805,FRA,DFW,2026-01-20 16:27:00,2026-01-20 22:23:00,High Winds,5.2,24.6,10.0,4.18,23,3.3,0,40
FL-1444,TransFlight,TR846,HND,DXB,2026-01-09 10:30:00,2026-01-09 16:27:00,Overcast,24.0,44.1,0.5,1.22,5,13.9,0,18
FL-1445,AeroGlobal,AE918,FRA,CDG,2026-01-20 02:14:00,2026-01-20 03:22:00,Rain,6.8,36.7,2.5,6.77,14,15.3,0,44
FL-1446,JetExpress,JE618,DXB,LHR,2026-01-01 12:41:00,2026-01-01 14:24:00,Fog,6.0,19.0,5.9,9.64,3,18.4,1,93
FL-1447,NimbusAero,NI590,HND,JFK,2026-01-30 15:13:00,2026-01-30 17:07:00,Thunderstorm,-2.5,21.8,8.7,9.06,24,10.4,0,100
FL-1448,NimbusAero,NI157,DXB,DFW,2026-01-26 23:04:00,2026-01-27 06:00:00,Fog,5.1,25.0,2.5,7.17,92,17.7,0,115
FL-1449,AeroGlobal,AE387,JFK,CDG,2026-01-18 07:51:00,2026-01-18 13:56:00,Snow,30.4,26.6,4.2,6.36,7,19.1,0,59
FL-1450,JetExpress,JE826,JFK,LHR,2026-01-20 02:03:00,2026-01-20 03:32:00,Thunderstorm,32.1,18.0,8.4,3.72,9,11.8,0,64
FL-1451,JetExpress,JE903,JFK,DFW,2026-01-05 11:08:00,2026-01-05 15:40:00,Snow,-8.8,22.8,5.3,2.71,62,20.4,0,85
FL-1452,JetExpress,JE246,LAX,FRA,2026-01-07 06:57:00,2026-01-07 09:27:00,Fog,-8.2,18.7,8.7,2.04,21,7.2,0,21
FL-1453,TransFlight,TR992,LAX,CDG,2026-01-22 11:57:00,2026-01-22 13:05:00,Clear,15.0,30.3,3.5,6.2,20,7.2,0,16
FL-1454,JetExpress,JE305,ATL,LHR,2026-01-13 20:10:00,2026-01-14 01:27:00,Rain,27.1,30.9,3.1,2.42,4,3.0,0,23
FL-1455,TransFlight,TR626,LAX,DFW,2026-01-25 22:35:00,2026-01-26 02:19:00,Snow,5.3,8.1,7.2,3.55,5,5.8,0,33
FL-1456,TransFlight,TR446,DXB,HND,2026-01-03 13:24:00,2026-01-03 15:15:00,Clear,12.6,31.0,1.5,1.48,5,9.7,0,0
FL-1457,TransFlight,TR706,HND,LHR,2026-01-15 11:16:00,2026-01-15 14:51:00,High Winds,-0.5,34.6,8.2,1.71,17,20.3,0,35
FL-1458,SkyWings,SK932,HND,LAX,2026-01-21 23:37:00,2026-01-22 03:00:00,Fog,20.9,35.0,5.0,9.53,3,3.6,0,64
FL-1459,JetExpress,JE472,CDG,ORD,2026-01-16 06:48:00,2026-01-16 10:19:00,Thunderstorm,13.4,4.8,1.6,5.31,31,18.7,0,70
FL-1460,TransFlight,TR230,DXB,LAX,2026-01-19 17:07:00,2026-01-19 23:57:00,High Winds,-4.9,25.9,1.2,3.72,43,10.4,0,94
FL-1461,AeroGlobal,AE735,ATL,FRA,2026-01-08 11:41:00,2026-01-08 16:32:00,Thunderstorm,-6.8,11.0,7.1,4.88,2,21.6,0,52
FL-1462,NimbusAero,NI341,ORD,LAX,2026-01-27 09:10:00,2026-01-27 14:04:00,Clear,18.4,21.9,5.8,8.4,70,4.3,0,83
FL-1463,SkyWings,SK712,LAX,HND,2026-01-16 03:37:00,2026-01-16 08:35:00,Fog,21.7,5.9,8.3,8.99,10,19.9,0,71
FL-1464,AeroGlobal,AE776,ORD,DXB,2026-01-25 10:16:00,2026-01-25 13:30:00,Thunderstorm,19.5,21.2,2.5,8.9,3,6.9,0,81
FL-1465,NimbusAero,NI411,CDG,LHR,2026-01-05 07:31:00,2026-01-05 13:14:00,Clear,19.4,23.9,8.6,8.67,3,1.8,0,26
FL-1466,SkyWings,SK100,DXB,LHR,2026-01-06 05:49:00,2026-01-06 08:58:00,High Winds,-8.5,20.6,6.1,6.63,22,15.8,0,60
FL-1467,AeroGlobal,AE778,ORD,DXB,2026-01-07 13:54:00,2026-01-07 16:15:00,Snow,8.5,41.8,8.5,2.39,52,21.9,0,65
FL-1468,SkyWings,SK763,JFK,ATL,2026-01-23 09:36:00,2026-01-23 15:57:00,Thunderstorm,36.8,7.8,1.8,8.25,32,19.0,0,95
FL-1469,OceanicAir,OC738,ORD,DXB,2026-01-24 10:25:00,2026-01-24 14:47:00,Snow,29.4,18.5,2.6,4.82,21,0.7,0,53
FL-1470,NimbusAero,NI342,DXB,DFW,2026-01-19 22:44:00,2026-01-20 04:08:00,Snow,7.6,44.1,5.9,7.34,17,2.9,0,74
FL-1471,NimbusAero,NI181,ORD,FRA,2026-01-13 23:12:00,2026-01-14 03:55:00,Snow,-6.2,40.3,1.3,5.25,3,16.4,0,43
FL-1472,NimbusAero,NI652,FRA,DFW,2026-01-29 03:36:00,2026-01-29 04:48:00,Rain,15.7,2.5,4.8,9.15,3,12.8,0,68
FL-1473,JetExpress,JE917,DFW,LHR,2026-01-08 20:57:00,2026-01-08 22:00:00,Fog,34.3,34.2,7.4,6.07,13,1.8,0,63
FL-1474,AeroGlobal,AE686,JFK,LHR,2026-01-29 15:55:00,2026-01-29 16:53:00,Rain,13.3,7.5,1.2,8.05,1,5.9,0,38
FL-1475,JetExpress,JE978,DFW,JFK,2026-01-06 07:50:00,2026-01-06 13:44:00,Overcast,33.7,33.8,6.8,4.33,2,4.3,0,26
FL-1476,AeroGlobal,AE596,ORD,FRA,2026-01-02 18:08:00,2026-01-02 21:48:00,Clear,36.4,27.6,8.3,8.54,32,16.7,0,55
FL-1477,NimbusAero,NI550,ORD,DFW,2026-01-27 13:03:00,2026-01-27 20:03:00,High Winds,6.6,29.6,7.7,2.04,12,4.1,0,53
FL-1478,JetExpress,JE587,DXB,ATL,2026-01-18 12:50:00,2026-01-18 19:24:00,Fog,8.7,13.3,5.5,4.91,1,6.7,0,30
FL-1479,OceanicAir,OC794,LHR,FRA,2026-01-03 02:48:00,2026-01-03 04:22:00,Snow,20.6,43.1,4.6,9.26,4,19.0,0,52
FL-1480,SkyWings,SK361,FRA,CDG,2026-01-22 05:39:00,2026-01-22 12:09:00,Fog,1.6,30.9,7.8,5.68,19,15.1,0,45
FL-1481,SkyWings,SK788,JFK,ORD,2026-01-01 19:03:00,2026-01-01 23:18:00,Clear,15.2,31.5,3.8,7.53,3,5.9,0,28
FL-1482,TransFlight,TR194,JFK,DFW,2026-01-28 12:41:00,2026-01-28 18:52:00,Clear,24.0,7.2,8.6,2.17,17,14.6,0,0
FL-1483,TransFlight,TR922,ORD,LAX,2026-01-09 15:15:00,2026-01-09 18:09:00,Rain,12.4,42.3,6.6,9.3,13,6.4,0,43
FL-1484,NimbusAero,NI888,LHR,DFW,2026-01-08 14:54:00,2026-01-08 16:16:00,Rain,27.3,18.5,3.7,1.54,26,21.0,0,46
FL-1485,OceanicAir,OC305,FRA,CDG,2026-01-09 08:54:00,2026-01-09 15:09:00,Thunderstorm,-4.8,25.2,4.6,6.53,12,2.8,0,62
FL-1486,JetExpress,JE205,JFK,ORD,2026-01-04 10:54:00,2026-01-04 16:31:00,Fog,2.0,21.2,9.0,2.34,4,14.3,0,44
FL-1487,NimbusAero,NI499,DFW,ORD,2026-01-16 06:15:00,2026-01-16 10:20:00,Snow,-9.8,32.4,7.8,5.3,16,9.2,0,71
FL-1488,SkyWings,SK653,ATL,JFK,2026-01-18 17:53:00,2026-01-19 00:30:00,High Winds,27.4,7.2,5.6,9.92,28,7.7,0,82
FL-1489,SkyWings,SK747,LAX,CDG,2026-01-25 13:57:00,2026-01-25 17:36:00,Clear,30.4,34.7,3.3,2.83,27,12.4,0,33
FL-1490,NimbusAero,NI295,DFW,HND,2026-01-06 02:37:00,2026-01-06 08:44:00,Fog,7.2,5.6,6.5,7.62,17,3.5,0,67
FL-1491,NimbusAero,NI707,ATL,DXB,2026-01-18 22:38:00,2026-01-18 23:55:00,High Winds,15.9,15.2,5.6,8.51,20,10.2,0,96
FL-1492,SkyWings,SK447,JFK,CDG,2026-01-03 04:45:00,2026-01-03 08:57:00,Clear,0.2,30.1,5.5,9.46,2,19.2,0,31
FL-1493,AeroGlobal,AE173,JFK,ATL,2026-01-23 12:00:00,2026-01-23 18:19:00,Clear,12.6,41.5,0.9,7.31,20,3.3,0,29
FL-1494,SkyWings,SK414,LAX,DXB,2026-01-29 01:37:00,2026-01-29 03:49:00,High Winds,18.4,37.2,1.5,5.47,2,17.7,1,80
FL-1495,OceanicAir,OC445,CDG,LHR,2026-01-06 17:56:00,2026-01-07 00:31:00,Snow,16.2,15.8,9.7,2.92,10,1.5,0,48
FL-1496,SkyWings,SK223,DFW,ORD,2026-01-20 03:27:00,2026-01-20 05:38:00,Fog,7.8,9.1,2.8,6.24,0,3.4,0,59
FL-1497,NimbusAero,NI727,CDG,ORD,2026-01-01 23:04:00,2026-01-02 03:58:00,Clear,-9.7,9.7,1.3,6.87,59,19.6,0,45
FL-1498,OceanicAir,OC808,ORD,DFW,2026-01-07 18:17:00,2026-01-08 00:29:00,Rain,15.1,19.7,9.4,6.49,14,1.3,0,48
FL-1499,OceanicAir,OC726,LAX,LHR,2026-01-17 01:56:00,2026-01-17 06:15:00,Clear,16.8,10.3,9.9,9.79,11,13.8,0,27
FL-1500,TransFlight,TR619,ATL,DXB,2026-01-29 18:15:00,2026-01-30 00:37:00,Overcast,3.3,10.3,8.1,7.17,22,21.3,0,43
FL-1501,NimbusAero,NI144,JFK,CDG,2026-01-14 05:21:00,2026-01-14 07:53:00,Thunderstorm,2.1,28.5,9.0,5.08,11,2.7,0,53
FL-1502,TransFlight,TR280,ORD,JFK,2026-01-23 07:48:00,2026-01-23 12:56:00,Clear,-6.6,12.1,4.7,6.22,49,9.5,0,63
FL-1503,JetExpress,JE335,LAX,CDG,2026-01-11 14:47:00,2026-01-11 16:22:00,Overcast,25.4,39.4,4.1,2.99,40,10.6,0,23
FL-1504,OceanicAir,OC248,ATL,DXB,2026-01-09 08:29:00,2026-01-09 12:32:00,Rain,-3.5,33.0,6.5,9.78,1,4.8,0,46
FL-1505,NimbusAero,NI682,JFK,LHR,2026-01-07 11:05:00,2026-01-07 12:46:00,High Winds,12.3,20.0,7.7,2.98,1,6.8,0,39
FL-1506,NimbusAero,NI726,ORD,FRA,2026-01-11 16:53:00,2026-01-11 18:22:00,Thunderstorm,31.1,23.0,10.0,6.32,5,18.5,0,73
FL-1507,NimbusAero,NI993,ATL,DFW,2026-01-16 03:29:00,2026-01-16 07:56:00,Snow,0.7,41.9,9.5,9.22,13,19.8,0,67
FL-1508,OceanicAir,OC851,DXB,JFK,2026-01-20 14:58:00,2026-01-20 20:14:00,Thunderstorm,13.0,36.3,8.3,5.07,6,5.7,0,63
FL-1509,SkyWings,SK809,CDG,ATL,2026-01-07 06:57:00,2026-01-07 10:45:00,Rain,1.5,45.0,0.7,7.02,30,4.0,0,56
FL-1510,TransFlight,TR865,FRA,JFK,2026-01-21 22:48:00,2026-01-22 03:30:00,High Winds,-3.3,32.2,2.3,8.84,54,14.0,0,101
FL-1511,SkyWings,SK981,LAX,HND,2026-01-16 09:37:00,2026-01-16 14:53:00,Clear,4.2,34.4,7.1,6.51,0,12.9,0,18
FL-1512,NimbusAero,NI182,FRA,LHR,2026-01-03 17:52:00,2026-01-03 23:00:00,Fog,7.5,4.2,4.1,5.19,0,1.4,0,40
FL-1513,NimbusAero,NI672,LAX,FRA,2026-01-10 13:36:00,2026-01-10 15:31:00,Rain,1.5,6.9,5.0,9.45,22,13.0,0,41
FL-1514,AeroGlobal,AE871,ATL,CDG,2026-01-17 07:15:00,2026-01-17 10:16:00,Snow,22.7,13.9,1.1,4.11,17,11.0,0,43
FL-1515,SkyWings,SK581,DXB,FRA,2026-01-14 13:13:00,2026-01-14 17:49:00,Snow,7.7,31.0,7.1,9.8,87,19.5,1,145
FL-1516,SkyWings,SK182,CDG,ORD,2026-01-14 08:58:00,2026-01-14 10:22:00,Clear,-2.1,6.8,1.9,2.35,8,4.9,0,1
FL-1517,SkyWings,SK400,CDG,FRA,2026-01-07 06:12:00,2026-01-07 10:59:00,Rain,10.2,33.7,0.7,2.7,23,1.0,0,36
FL-1518,TransFlight,TR760,LHR,HND,2026-01-27 14:05:00,2026-01-27 17:45:00,Fog,21.0,16.0,6.1,7.27,17,18.6,0,69
FL-1519,AeroGlobal,AE908,DFW,ORD,2026-01-13 01:59:00,2026-01-13 04:40:00,Thunderstorm,7.9,14.4,8.5,2.34,4,6.6,0,81
FL-1520,TransFlight,TR264,DXB,DFW,2026-01-09 13:05:00,2026-01-09 15:19:00,High Winds,24.0,40.9,8.0,2.45,45,3.0,0,72
FL-1521,TransFlight,TR229,HND,DFW,2026-01-18 01:46:00,2026-01-18 04:05:00,Overcast,17.0,3.5,3.5,4.09,43,8.5,0,32
FL-1522,AeroGlobal,AE646,DFW,LAX,2026-01-02 09:13:00,2026-01-02 13:25:00,Thunderstorm,26.9,42.8,9.3,2.4,8,21.4,0,46
FL-1523,NimbusAero,NI822,DFW,DXB,2026-01-14 10:34:00,2026-01-14 16:12:00,Fog,-2.9,26.3,9.1,4.98,4,15.3,0,67
FL-1524,AeroGlobal,AE794,DXB,LAX,2026-01-15 06:30:00,2026-01-15 07:27:00,Thunderstorm,19.6,11.5,3.9,3.94,62,13.6,0,97
FL-1525,TransFlight,TR327,DFW,ATL,2026-01-02 06:37:00,2026-01-02 08:04:00,Snow,30.8,31.1,9.6,9.78,3,9.0,0,69
FL-1526,TransFlight,TR719,DXB,JFK,2026-01-17 16:22:00,2026-01-17 20:30:00,Overcast,24.4,20.4,4.2,1.11,3,7.9,0,9
FL-1527,OceanicAir,OC995,DXB,LAX,2026-01-11 01:35:00,2026-01-11 08:32:00,Thunderstorm,25.6,19.9,4.7,2.47,6,16.2,0,61
FL-1528,OceanicAir,OC242,FRA,LAX,2026-01-07 18:53:00,2026-01-07 21:24:00,Rain,12.8,39.3,9.9,1.6,29,21.1,0,37
FL-1529,OceanicAir,OC754,DFW,HND,2026-01-09 05:01:00,2026-01-09 10:30:00,Thunderstorm,24.1,34.5,1.8,2.67,3,8.7,0,57
FL-1530,SkyWings,SK942,DFW,LHR,2026-01-23 17:41:00,2026-01-23 23:12:00,Fog,12.2,3.2,0.5,3.36,30,21.1,0,61
FL-1531,NimbusAero,NI781,DFW,HND,2026-01-09 09:55:00,2026-01-09 14:51:00,Fog,20.9,3.2,7.8,5.44,27,21.4,0,65
FL-1532,OceanicAir,OC679,CDG,DFW,2026-01-29 19:56:00,2026-01-30 02:32:00,Thunderstorm,36.8,37.2,4.0,7.6,21,0.9,0,68
FL-1533,TransFlight,TR159,ORD,CDG,2026-01-22 05:34:00,2026-01-22 12:13:00,Overcast,7.2,4.3,3.9,6.73,0,21.0,1,49
FL-1534,NimbusAero,NI178,DXB,ATL,2026-01-29 19:58:00,2026-01-29 22:16:00,High Winds,-5.5,34.4,5.7,8.85,38,18.3,0,93
FL-1535,NimbusAero,NI814,LHR,LAX,2026-01-25 13:43:00,2026-01-25 19:24:00,Rain,29.5,2.6,5.4,4.36,9,10.9,0,36
FL-1536,AeroGlobal,AE204,ATL,ORD,2026-01-24 03:49:00,2026-01-24 06:27:00,High Winds,-1.0,40.6,6.3,8.48,1,11.8,0,65
FL-1537,TransFlight,TR819,LAX,HND,2026-01-22 04:58:00,2026-01-22 06:22:00,Clear,29.3,41.7,5.1,3.8,8,8.3,0,11
FL-1538,TransFlight,TR635,LHR,ORD,2026-01-15 02:47:00,2026-01-15 03:46:00,Fog,29.1,11.6,8.6,2.28,3,5.4,0,22
FL-1539,AeroGlobal,AE180,CDG,LAX,2026-01-04 18:54:00,2026-01-04 19:48:00,High Winds,13.2,20.5,2.4,1.3,13,14.7,0,44
FL-1540,OceanicAir,OC221,DFW,JFK,2026-01-04 06:21:00,2026-01-04 09:40:00,Fog,-9.5,6.1,1.7,6.42,4,13.1,0,39
FL-1541,NimbusAero,NI459,JFK,ORD,2026-01-07 20:59:00,2026-01-08 00:06:00,Snow,6.7,8.9,5.3,7.56,9,5.7,0,78
FL-1542,SkyWings,SK939,FRA,JFK,2026-01-25 07:37:00,2026-01-25 10:13:00,Fog,-0.8,14.1,9.1,5.83,0,21.4,1,59
FL-1543,TransFlight,TR971,HND,LHR,2026-01-28 01:45:00,2026-01-28 04:04:00,Thunderstorm,22.3,6.6,8.4,9.83,9,9.6,0,78
FL-1544,OceanicAir,OC215,LHR,LAX,2026-01-22 10:53:00,2026-01-22 12:34:00,Snow,-3.5,34.8,7.2,6.01,13,1.4,0,70
FL-1545,SkyWings,SK494,DFW,DXB,2026-01-28 13:47:00,2026-01-28 17:11:00,Fog,36.9,21.1,5.8,3.62,29,18.9,1,58
FL-1546,OceanicAir,OC795,LHR,ORD,2026-01-01 19:57:00,2026-01-02 02:27:00,Thunderstorm,22.3,19.0,5.5,7.09,22,3.1,0,80
FL-1547,NimbusAero,NI704,LAX,ATL,2026-01-04 04:40:00,2026-01-04 08:31:00,Overcast,6.3,27.6,9.9,2.1,1,18.5,0,5
FL-1548,NimbusAero,NI884,FRA,DFW,2026-01-30 13:14:00,2026-01-30 17:23:00,Rain,12.8,27.9,4.3,5.36,4,6.5,0,59
FL-1549,SkyWings,SK225,DFW,DXB,2026-01-23 21:09:00,2026-01-23 23:52:00,Fog,35.2,3.3,7.5,8.47,18,11.2,0,58
FL-1550,AeroGlobal,AE491,FRA,LHR,2026-01-08 04:49:00,2026-01-08 08:09:00,Snow,19.9,34.7,6.8,5.68,12,11.1,0,53
FL-1551,JetExpress,JE777,HND,DXB,2026-01-24 05:22:00,2026-01-24 08:20:00,Snow,6.5,39.0,5.7,9.57,6,1.2,0,71
FL-1552,SkyWings,SK492,HND,LHR,2026-01-18 09:03:00,2026-01-18 13:34:00,Thunderstorm,-8.3,9.6,6.8,8.01,0,19.5,1,89
FL-1553,JetExpress,JE832,CDG,DXB,2026-01-06 05:28:00,2026-01-06 11:04:00,Fog,13.5,25.8,5.6,5.23,2,12.6,0,32
FL-1554,SkyWings,SK500,DFW,DXB,2026-01-28 03:34:00,2026-01-28 07:32:00,Snow,22.5,35.0,3.2,1.55,12,13.2,0,50
FL-1555,JetExpress,JE457,FRA,JFK,2026-01-29 16:50:00,2026-01-29 20:29:00,Thunderstorm,-5.3,16.8,3.9,4.16,3,14.7,0,61
FL-1556,NimbusAero,NI419,FRA,LAX,2026-01-04 05:32:00,2026-01-04 08:53:00,Clear,6.2,2.8,3.6,5.15,2,19.1,0,22
FL-1557,JetExpress,JE120,HND,JFK,2026-01-15 15:43:00,2026-01-15 19:41:00,Snow,8.7,26.6,8.2,1.9,18,15.0,0,41
FL-1558,TransFlight,TR930,LHR,ORD,2026-01-29 05:33:00,2026-01-29 08:51:00,Rain,36.5,10.7,6.5,9.77,0,2.1,0,67
FL-1559,AeroGlobal,AE394,DFW,JFK,2026-01-14 18:45:00,2026-01-15 00:23:00,Thunderstorm,28.6,28.9,9.6,7.46,30,12.9,0,95
FL-1560,JetExpress,JE168,FRA,DXB,2026-01-22 21:07:00,2026-01-23 01:30:00,Overcast,6.7,5.3,8.3,5.54,18,6.9,0,28
FL-1561,JetExpress,JE304,CDG,HND,2026-01-12 16:26:00,2026-01-12 22:30:00,Snow,11.8,34.8,2.2,1.17,25,15.6,0,67
FL-1562,AeroGlobal,AE776,HND,DFW,2026-01-30 06:47:00,2026-01-30 12:04:00,High Winds,19.5,35.1,4.6,6.1,1,14.0,0,53
FL-1563,JetExpress,JE573,ORD,DFW,2026-01-08 02:21:00,2026-01-08 08:56:00,High Winds,4.4,20.7,3.5,8.47,25,1.9,0,79
FL-1564,OceanicAir,OC373,DFW,ORD,2026-01-12 22:06:00,2026-01-13 04:42:00,Snow,1.3,12.3,1.9,1.25,9,17.6,0,48
FL-1565,OceanicAir,OC532,JFK,DFW,2026-01-08 12:03:00,2026-01-08 15:07:00,Overcast,-8.6,36.0,3.1,5.96,19,14.4,0,56
FL-1566,NimbusAero,NI597,JFK,LAX,2026-01-05 01:40:00,2026-01-05 05:05:00,Snow,4.3,4.7,9.6,9.07,1,14.9,0,65
FL-1567,OceanicAir,OC959,ORD,DFW,2026-01-06 08:15:00,2026-01-06 13:52:00,Fog,14.0,7.2,6.8,6.22,23,17.2,0,55
FL-1568,SkyWings,SK343,FRA,LAX,2026-01-15 12:19:00,2026-01-15 15:52:00,High Winds,18.0,18.8,7.6,3.12,16,9.6,0,74
FL-1569,AeroGlobal,AE319,DFW,DXB,2026-01-19 20:03:00,2026-01-19 22:58:00,High Winds,18.3,23.1,4.1,9.54,19,7.3,0,72
FL-1570,NimbusAero,NI352,DFW,ORD,2026-01-17 18:29:00,2026-01-17 23:17:00,Fog,7.7,15.3,6.6,9.15,3,1.2,0,51
FL-1571,SkyWings,SK807,ATL,LHR,2026-01-26 09:43:00,2026-01-26 13:44:00,Rain,20.7,32.1,9.1,7.17,17,12.0,0,51
FL-1572,OceanicAir,OC497,JFK,HND,2026-01-12 21:06:00,2026-01-13 00:25:00,Clear,34.9,34.5,3.3,8.73,1,3.9,0,42
FL-1573,JetExpress,JE931,CDG,JFK,2026-01-13 17:19:00,2026-01-13 18:45:00,High Winds,27.4,23.1,7.5,9.34,19,7.7,0,72
FL-1574,SkyWings,SK944,ORD,LHR,2026-01-24 07:03:00,2026-01-24 08:21:00,Rain,10.2,33.4,5.7,3.94,20,15.4,0,20
FL-1575,AeroGlobal,AE745,HND,ORD,2026-01-01 09:21:00,2026-01-01 13:31:00,Overcast,20.2,15.5,1.3,2.42,6,11.6,0,7
FL-1576,NimbusAero,NI881,ORD,HND,2026-01-15 18:52:00,2026-01-15 23:28:00,Thunderstorm,31.9,7.7,2.1,6.34,65,7.5,0,85
FL-1577,SkyWings,SK524,LHR,ORD,2026-01-19 03:48:00,2026-01-19 07:46:00,High Winds,32.4,11.7,9.5,9.31,19,14.4,0,96
FL-1578,SkyWings,SK573,ATL,LHR,2026-01-08 22:19:00,2026-01-08 23:29:00,Thunderstorm,19.7,27.8,1.9,9.62,10,4.2,0,70
FL-1579,SkyWings,SK835,DXB,CDG,2026-01-21 21:34:00,2026-01-22 04:03:00,Thunderstorm,-4.3,32.7,2.3,8.76,13,17.3,0,78
FL-1580,AeroGlobal,AE541,ATL,DFW,2026-01-14 03:04:00,2026-01-14 10:01:00,Fog,-0.9,9.8,8.0,1.26,36,21.5,1,76
FL-1581,AeroGlobal,AE478,FRA,HND,2026-01-05 03:38:00,2026-01-05 04:28:00,Thunderstorm,-3.6,15.9,7.1,7.18,14,15.8,0,72
FL-1582,JetExpress,JE174,LAX,FRA,2026-01-03 22:10:00,2026-01-03 23:21:00,Rain,34.7,22.3,3.9,6.46,19,14.9,0,52
FL-1583,NimbusAero,NI866,JFK,LAX,2026-01-12 19:03:00,2026-01-13 00:06:00,Snow,8.3,44.0,6.9,2.19,35,19.7,1,70
FL-1584,AeroGlobal,AE615,HND,LHR,2026-01-22 13:16:00,2026-01-22 15:08:00,Clear,5.2,24.8,1.8,2.05,2,1.4,0,12
FL-1585,JetExpress,JE865,LHR,HND,2026-01-14 03:01:00,2026-01-14 06:00:00,Snow,29.8,41.8,5.4,4.92,10,4.0,0,60
FL-1586,OceanicAir,OC882,ORD,FRA,2026-01-31 04:04:00,2026-01-31 10:14:00,High Winds,11.1,10.1,1.0,2.65,4,10.6,0,34
FL-1587,OceanicAir,OC546,LAX,DXB,2026-01-03 02:33:00,2026-01-03 07:04:00,Rain,37.5,26.1,4.8,2.01,10,16.0,1,55
FL-1588,AeroGlobal,AE989,DFW,ORD,2026-01-08 21:49:00,2026-01-09 02:54:00,High Winds,3.1,40.3,6.1,6.25,6,21.4,0,45
FL-1589,OceanicAir,OC178,ATL,DXB,2026-01-05 13:00:00,2026-01-05 16:33:00,Clear,3.6,44.2,1.7,4.36,7,20.5,1,43
FL-1590,SkyWings,SK183,HND,DXB,2026-01-21 21:56:00,2026-01-22 04:02:00,Rain,18.5,2.2,9.7,6.91,52,20.9,0,77
FL-1591,NimbusAero,NI916,FRA,ORD,2026-01-10 20:52:00,2026-01-10 22:01:00,High Winds,20.9,15.9,1.0,1.64,5,21.0,0,24
FL-1592,AeroGlobal,AE345,CDG,LAX,2026-01-02 04:24:00,2026-01-02 06:55:00,Overcast,8.6,19.3,6.6,9.59,22,3.8,0,34
FL-1593,OceanicAir,OC853,DFW,ORD,2026-01-17 14:10:00,2026-01-17 20:35:00,Clear,29.9,24.0,5.2,8.97,1,10.7,0,29
FL-1594,OceanicAir,OC192,CDG,LHR,2026-01-29 04:30:00,2026-01-29 06:50:00,Thunderstorm,20.3,6.0,5.4,9.76,2,15.0,0,63
FL-1595,NimbusAero,NI258,HND,FRA,2026-01-29 21:38:00,2026-01-30 03:54:00,Snow,-6.0,22.1,1.3,8.21,26,7.0,0,92
FL-1596,NimbusAero,NI407,ATL,FRA,2026-01-20 17:11:00,2026-01-20 20:27:00,Snow,-7.7,5.3,0.9,1.97,8,9.6,0,45
FL-1597,NimbusAero,NI837,FRA,DFW,2026-01-17 10:15:00,2026-01-17 13:10:00,Snow,-6.1,23.6,1.6,6.95,18,4.4,0,50
FL-1598,OceanicAir,OC146,LAX,HND,2026-01-14 19:06:00,2026-01-14 22:31:00,Snow,24.8,34.6,4.8,8.27,2,7.8,0,82
FL-1599,AeroGlobal,AE316,ORD,LAX,2026-01-28 17:47:00,2026-01-28 20:44:00,High Winds,22.3,20.7,0.7,4.55,9,0.8,0,66
FL-1600,OceanicAir,OC808,CDG,DXB,2026-01-15 00:44:00,2026-01-15 06:45:00,High Winds,36.7,17.5,6.9,7.21,27,9.0,0,72
FL-1601,AeroGlobal,AE238,JFK,DFW,2026-01-06 08:14:00,2026-01-06 09:07:00,Fog,36.6,38.9,2.5,6.84,30,14.5,0,79
FL-1602,NimbusAero,NI978,DXB,ATL,2026-01-05 04:02:00,2026-01-05 07:21:00,High Winds,12.2,22.4,0.7,2.49,3,3.8,0,41
FL-1603,OceanicAir,OC582,JFK,DXB,2026-01-27 21:13:00,2026-01-28 00:02:00,Overcast,4.2,37.7,4.2,4.0,0,2.7,0,12
FL-1604,OceanicAir,OC525,HND,FRA,2026-01-14 11:36:00,2026-01-14 12:39:00,Thunderstorm,9.2,24.1,7.4,9.42,11,20.0,0,76
FL-1605,SkyWings,SK640,JFK,HND,2026-01-27 11:35:00,2026-01-27 15:01:00,Snow,-7.0,40.4,4.5,5.26,40,11.1,0,76
FL-1606,JetExpress,JE559,CDG,JFK,2026-01-08 14:13:00,2026-01-08 17:25:00,Fog,-0.8,16.8,2.7,2.98,5,20.0,0,34
FL-1607,NimbusAero,NI772,HND,ORD,2026-01-14 14:27:00,2026-01-14 21:22:00,Fog,8.7,19.9,9.4,6.87,2,8.2,0,50
FL-1608,AeroGlobal,AE736,ATL,LHR,2026-01-05 04:08:00,2026-01-05 10:34:00,Thunderstorm,-3.8,10.6,6.3,1.91,64,9.4,0,105
FL-1609,JetExpress,JE340,ATL,FRA,2026-01-03 09:23:00,2026-01-03 10:17:00,Rain,32.3,17.4,2.0,8.45,30,19.7,1,81
FL-1610,OceanicAir,OC216,FRA,ATL,2026-01-06 17:49:00,2026-01-06 23:21:00,Overcast,13.3,44.7,8.0,7.92,9,17.1,0,16
FL-1611,NimbusAero,NI994,DXB,LAX,2026-01-03 13:04:00,2026-01-03 17:33:00,High Winds,11.9,38.2,1.6,1.95,16,13.6,0,81
FL-1612,SkyWings,SK943,DXB,JFK,2026-01-24 08:06:00,2026-01-24 09:44:00,Overcast,20.2,39.4,9.2,2.41,2,6.8,0,3
FL-1613,TransFlight,TR610,LAX,ATL,2026-01-30 16:47:00,2026-01-30 20:38:00,Rain,29.3,7.3,2.4,9.73,16,17.0,1,85
FL-1614,OceanicAir,OC449,DFW,FRA,2026-01-09 01:03:00,2026-01-09 02:31:00,Rain,7.9,34.5,3.9,6.98,52,3.8,0,72
FL-1615,OceanicAir,OC906,ATL,ORD,2026-01-20 18:23:00,2026-01-20 22:39:00,Thunderstorm,33.1,42.9,5.4,7.14,8,20.8,0,76
FL-1616,NimbusAero,NI925,DXB,LAX,2026-01-05 02:36:00,2026-01-05 06:14:00,Rain,9.3,35.2,4.6,4.54,30,1.3,0,54
FL-1617,AeroGlobal,AE688,JFK,FRA,2026-01-14 17:00:00,2026-01-14 21:19:00,Thunderstorm,32.5,32.1,8.8,7.49,27,7.2,0,74
FL-1618,JetExpress,JE640,FRA,ORD,2026-01-19 15:12:00,2026-01-19 19:45:00,Fog,-0.2,25.4,8.0,6.87,43,15.5,0,79
FL-1619,OceanicAir,OC894,ATL,LHR,2026-01-05 02:03:00,2026-01-05 03:06:00,Snow,6.1,33.2,7.5,2.13,14,21.8,0,62
FL-1620,TransFlight,TR419,DXB,LHR,2026-01-30 04:20:00,2026-01-30 06:26:00,Clear,-8.7,36.3,6.1,3.17,30,17.1,0,25
FL-1621,SkyWings,SK849,JFK,CDG,2026-01-13 01:43:00,2026-01-13 07:49:00,Snow,7.0,4.1,6.7,2.12,40,6.9,0,72
FL-1622,OceanicAir,OC447,ATL,FRA,2026-01-28 08:29:00,2026-01-28 11:13:00,Rain,4.4,30.7,8.2,6.15,17,3.5,0,32
FL-1623,NimbusAero,NI353,LAX,CDG,2026-01-24 18:06:00,2026-01-24 23:49:00,Overcast,29.5,17.5,1.4,7.4,16,18.3,1,64
FL-1624,AeroGlobal,AE587,ATL,DXB,2026-01-04 19:16:00,2026-01-04 23:10:00,Fog,15.3,27.3,5.4,4.55,7,6.2,0,37
FL-1625,OceanicAir,OC550,HND,CDG,2026-01-08 15:52:00,2026-01-08 17:50:00,Snow,-3.9,32.6,1.7,7.34,16,19.1,1,87
FL-1626,OceanicAir,OC133,ORD,FRA,2026-01-18 01:24:00,2026-01-18 03:09:00,Snow,30.9,6.7,4.0,3.61,111,11.7,0,116
FL-1627,JetExpress,JE483,DFW,LHR,2026-01-23 08:45:00,2026-01-23 09:44:00,High Winds,-3.1,35.7,4.5,9.43,22,7.1,0,70
FL-1628,AeroGlobal,AE938,HND,JFK,2026-01-06 19:36:00,2026-01-07 01:01:00,Rain,-6.8,3.9,5.1,3.79,12,10.2,0,37
FL-1629,OceanicAir,OC586,FRA,ORD,2026-01-07 13:18:00,2026-01-07 18:21:00,Fog,12.1,21.3,4.8,8.8,7,7.5,0,68
FL-1630,NimbusAero,NI738,CDG,HND,2026-01-11 20:18:00,2026-01-12 00:25:00,Rain,16.0,43.2,9.0,7.62,5,14.4,0,55
FL-1631,NimbusAero,NI125,FRA,DFW,2026-01-26 18:48:00,2026-01-27 01:03:00,Clear,20.9,5.7,9.6,5.88,21,16.8,0,39
FL-1632,OceanicAir,OC614,JFK,ORD,2026-01-31 04:59:00,2026-01-31 10:16:00,Overcast,36.2,13.8,2.5,8.47,23,18.5,0,59
FL-1633,TransFlight,TR721,LHR,HND,2026-01-28 01:13:00,2026-01-28 02:21:00,Thunderstorm,31.4,3.0,4.7,4.73,1,19.0,0,53
FL-1634,SkyWings,SK201,DXB,ORD,2026-01-14 05:40:00,2026-01-14 07:38:00,Overcast,2.3,5.9,3.4,4.67,11,4.1,0,13
FL-1635,JetExpress,JE285,JFK,LAX,2026-01-14 19:31:00,2026-01-14 23:35:00,Clear,5.4,19.8,3.6,4.38,17,18.3,1,29
FL-1636,TransFlight,TR700,ATL,DXB,2026-01-24 09:33:00,2026-01-24 14:36:00,Thunderstorm,35.6,13.6,3.5,5.98,7,1.9,0,42
FL-1637,NimbusAero,NI339,JFK,LHR,2026-01-26 11:11:00,2026-01-26 16:56:00,Fog,-5.1,34.8,6.7,2.13,7,12.7,0,33
FL-1638,NimbusAero,NI612,ATL,ORD,2026-01-18 05:44:00,2026-01-18 11:05:00,Overcast,27.5,25.1,4.5,9.2,3,10.2,0,38
FL-1639,OceanicAir,OC949,FRA,DFW,2026-01-30 23:18:00,2026-01-31 01:28:00,Clear,-7.1,41.6,3.1,3.26,16,15.1,0,14
FL-1640,AeroGlobal,AE699,DXB,DFW,2026-01-03 07:40:00,2026-01-03 09:47:00,Fog,15.6,5.0,1.4,7.29,14,18.4,0,44
FL-1641,OceanicAir,OC315,FRA,DXB,2026-01-15 17:40:00,2026-01-16 00:14:00,Rain,20.5,44.1,7.2,3.46,29,14.7,0,33
FL-1642,AeroGlobal,AE570,FRA,LHR,2026-01-01 23:20:00,2026-01-02 05:59:00,Overcast,21.0,2.1,5.0,9.11,10,15.0,0,36
FL-1643,NimbusAero,NI820,HND,CDG,2026-01-25 17:46:00,2026-01-25 19:12:00,High Winds,32.1,30.0,5.6,9.03,6,18.0,0,58
FL-1644,OceanicAir,OC947,FRA,LHR,2026-01-18 20:26:00,2026-01-18 22:41:00,High Winds,26.9,32.0,0.6,5.16,7,20.6,0,62
FL-1645,SkyWings,SK876,DFW,CDG,2026-01-09 23:10:00,2026-01-10 00:41:00,High Winds,19.4,15.0,7.3,3.11,11,11.1,0,27
FL-1646,JetExpress,JE604,FRA,ATL,2026-01-01 13:47:00,2026-01-01 16:12:00,High Winds,20.6,6.8,3.1,5.5,14,4.2,0,59
FL-1647,NimbusAero,NI679,FRA,ORD,2026-01-04 05:23:00,2026-01-04 11:09:00,Overcast,25.8,7.5,9.4,8.7,18,19.4,0,50
FL-1648,NimbusAero,NI123,DXB,DFW,2026-01-26 17:47:00,2026-01-26 22:24:00,Clear,35.0,29.6,9.5,1.47,46,20.7,0,30
FL-1649,JetExpress,JE224,DXB,HND,2026-01-23 19:17:00,2026-01-23 23:07:00,Snow,26.4,40.0,2.6,3.5,39,9.5,0,73
FL-1650,SkyWings,SK501,ATL,CDG,2026-01-04 23:21:00,2026-01-05 04:58:00,High Winds,-8.8,33.7,9.8,4.81,0,2.1,0,40
FL-1651,AeroGlobal,AE437,DFW,LAX,2026-01-29 17:45:00,2026-01-29 23:50:00,Clear,-8.7,20.6,0.7,8.17,1,20.6,0,35
FL-1652,OceanicAir,OC344,LHR,JFK,2026-01-16 10:22:00,2026-01-16 15:33:00,High Winds,1.4,5.1,6.2,4.95,9,2.6,0,43
FL-1653,SkyWings,SK187,JFK,LAX,2026-01-18 10:12:00,2026-01-18 13:37:00,High Winds,23.3,35.7,1.1,8.22,5,1.7,0,54
FL-1654,OceanicAir,OC167,LAX,JFK,2026-01-26 16:51:00,2026-01-26 18:02:00,Rain,30.8,19.3,6.4,4.7,24,19.1,0,25
FL-1655,OceanicAir,OC493,HND,CDG,2026-01-29 11:26:00,2026-01-29 17:28:00,Clear,6.3,42.3,7.9,5.09,14,7.6,0,30
FL-1656,SkyWings,SK112,FRA,LAX,2026-01-28 05:35:00,2026-01-28 07:59:00,Snow,-4.0,23.9,3.9,5.33,18,13.8,0,52
FL-1657,AeroGlobal,AE916,JFK,LAX,2026-01-07 01:27:00,2026-01-07 04:51:00,Snow,10.9,43.3,7.7,3.8,1,19.5,0,26
FL-1658,JetExpress,JE717,LHR,DFW,2026-01-18 00:51:00,2026-01-18 01:40:00,Snow,18.1,31.2,1.0,5.56,2,18.5,0,44
FL-1659,AeroGlobal,AE305,ATL,LAX,2026-01-16 19:03:00,2026-01-16 21:24:00,Fog,12.8,31.7,4.9,7.23,11,18.8,0,60
FL-1660,JetExpress,JE528,LHR,ORD,2026-01-06 00:31:00,2026-01-06 05:08:00,High Winds,33.7,23.3,9.2,6.75,18,15.4,0,61
FL-1661,OceanicAir,OC852,LHR,HND,2026-01-10 14:15:00,2026-01-10 18:24:00,Overcast,29.7,2.3,0.6,4.22,4,12.4,0,10
FL-1662,OceanicAir,OC299,FRA,LHR,2026-01-03 05:57:00,2026-01-03 06:57:00,Overcast,-0.5,9.5,8.9,7.47,49,7.8,0,73
FL-1663,AeroGlobal,AE300,JFK,ATL,2026-01-13 03:56:00,2026-01-13 05:32:00,Clear,29.9,7.9,6.7,8.97,11,7.8,0,37
FL-1664,OceanicAir,OC345,LHR,CDG,2026-01-09 01:10:00,2026-01-09 06:24:00,High Winds,37.9,39.9,8.8,1.59,0,3.6,0,48
FL-1665,AeroGlobal,AE296,DXB,CDG,2026-01-18 06:47:00,2026-01-18 10:14:00,Snow,10.6,29.4,9.2,7.87,13,13.1,0,79
FL-1666,JetExpress,JE908,ORD,CDG,2026-01-12 11:58:00,2026-01-12 13:10:00,Fog,28.2,39.5,8.6,9.72,25,19.5,1,85
FL-1667,OceanicAir,OC909,FRA,LAX,2026-01-08 20:52:00,2026-01-09 01:57:00,Thunderstorm,26.1,29.7,5.3,5.49,3,10.5,0,65
FL-1668,JetExpress,JE638,HND,DXB,2026-01-22 19:28:00,2026-01-22 22:30:00,Snow,9.2,41.6,6.0,1.33,14,5.2,0,53
FL-1669,AeroGlobal,AE505,ATL,LHR,2026-01-20 14:14:00,2026-01-20 18:12:00,Snow,-2.5,38.2,2.9,1.76,34,16.7,0,59
FL-1670,AeroGlobal,AE697,JFK,DXB,2026-01-24 13:31:00,2026-01-24 19:34:00,Rain,10.5,22.1,4.4,8.24,6,7.3,0,51
FL-1671,AeroGlobal,AE552,ATL,LHR,2026-01-30 14:53:00,2026-01-30 16:16:00,Rain,33.3,14.7,5.3,5.92,4,2.2,0,27
FL-1672,AeroGlobal,AE200,LAX,ORD,2026-01-17 15:28:00,2026-01-17 16:32:00,Snow,-0.4,10.5,3.6,3.72,25,18.0,0,76
FL-1673,NimbusAero,NI718,ORD,FRA,2026-01-13 03:13:00,2026-01-13 04:02:00,High Winds,4.4,37.4,7.9,4.63,1,9.2,0,40
FL-1674,NimbusAero,NI112,HND,FRA,2026-01-08 01:03:00,2026-01-08 05:11:00,Overcast,0.9,34.2,5.0,5.64,14,17.4,0,54
FL-1675,OceanicAir,OC448,LAX,CDG,2026-01-09 19:10:00,2026-01-09 23:34:00,High Winds,35.2,20.0,4.7,8.68,2,1.1,0,43
FL-1676,AeroGlobal,AE412,JFK,DXB,2026-01-31 05:38:00,2026-01-31 09:24:00,Rain,0.8,20.3,7.6,7.87,20,15.3,0,49
FL-1677,TransFlight,TR904,JFK,ATL,2026-01-08 05:52:00,2026-01-08 09:26:00,Snow,20.2,27.9,6.3,8.8,1,21.6,1,89
FL-1678,TransFlight,TR495,ATL,DXB,2026-01-06 04:39:00,2026-01-06 08:12:00,Snow,36.2,29.5,3.4,2.54,0,15.0,0,49
FL-1679,NimbusAero,NI717,HND,JFK,2026-01-09 17:55:00,2026-01-09 20:21:00,Clear,33.7,18.6,2.5,3.62,11,11.8,0,36
FL-1680,JetExpress,JE630,JFK,ATL,2026-01-16 02:55:00,2026-01-16 07:10:00,Thunderstorm,-2.5,6.8,5.6,5.3,3,2.0,0,92
FL-1681,AeroGlobal,AE233,ATL,LHR,2026-01-20 22:04:00,2026-01-21 04:52:00,Fog,12.8,28.0,9.4,6.29,10,11.3,0,39
FL-1682,JetExpress,JE306,JFK,ATL,2026-01-21 12:51:00,2026-01-21 14:08:00,High Winds,9.2,36.7,5.5,9.19,66,19.4,0,107
FL-1683,NimbusAero,NI193,DFW,DXB,2026-01-17 00:46:00,2026-01-17 07:29:00,High Winds,24.2,14.8,6.3,8.29,7,4.3,0,51
FL-1684,TransFlight,TR850,CDG,DXB,2026-01-18 18:09:00,2026-01-19 00:31:00,Overcast,23.5,6.1,7.1,1.39,8,19.5,1,43
FL-1685,TransFlight,TR398,LAX,DFW,2026-01-23 17:01:00,2026-01-23 21:16:00,High Winds,16.5,44.8,1.2,1.95,71,17.0,0,90
FL-1686,JetExpress,JE312,DXB,JFK,2026-01-22 06:48:00,2026-01-22 07:46:00,Clear,20.7,31.1,4.9,4.09,2,9.1,0,19
FL-1687,SkyWings,SK110,DFW,LAX,2026-01-07 11:04:00,2026-01-07 14:36:00,Fog,25.9,22.8,1.1,5.94,12,5.7,0,54
FL-1688,AeroGlobal,AE582,DFW,ORD,2026-01-09 00:19:00,2026-01-09 01:13:00,Snow,-5.2,14.6,5.6,4.52,4,2.2,0,48
FL-1689,NimbusAero,NI379,ORD,DXB,2026-01-17 13:07:00,2026-01-17 15:23:00,Overcast,24.3,40.4,5.6,4.98,6,1.5,0,17
FL-1690,TransFlight,TR756,LAX,HND,2026-01-15 06:46:00,2026-01-15 11:18:00,Clear,18.7,4.1,4.1,2.82,1,5.9,0,3
FL-1691,AeroGlobal,AE193,JFK,HND,2026-01-02 12:31:00,2026-01-02 13:23:00,Rain,29.4,31.2,1.1,9.63,24,2.6,0,63
FL-1692,NimbusAero,NI271,ORD,JFK,2026-01-20 04:02:00,2026-01-20 09:09:00,Clear,29.1,15.9,6.5,6.62,3,20.6,0,35
FL-1693,AeroGlobal,AE318,LAX,CDG,2026-01-15 23:12:00,2026-01-16 01:25:00,Clear,9.3,15.6,4.2,5.13,15,1.9,0,28
FL-1694,NimbusAero,NI738,LHR,JFK,2026-01-04 07:32:00,2026-01-04 10:08:00,Thunderstorm,4.5,27.8,9.8,1.92,11,12.0,0,60
FL-1695,TransFlight,TR275,DFW,LAX,2026-01-28 13:12:00,2026-01-28 16:43:00,Fog,23.4,31.1,9.7,7.24,16,7.6,0,50
FL-1696,NimbusAero,NI425,HND,LAX,2026-01-16 12:01:00,2026-01-16 12:55:00,Snow,33.8,21.3,5.4,7.68,77,11.3,0,119
FL-1697,SkyWings,SK338,JFK,ORD,2026-01-15 07:20:00,2026-01-15 10:06:00,Fog,10.6,12.5,1.3,2.24,19,11.2,0,59
FL-1698,OceanicAir,OC309,JFK,DFW,2026-01-28 11:15:00,2026-01-28 15:47:00,Fog,32.1,7.8,3.5,8.08,9,1.4,0,64
FL-1699,OceanicAir,OC763,DFW,JFK,2026-01-11 16:08:00,2026-01-11 23:08:00,Rain,6.5,10.9,1.0,9.26,47,21.8,0,67
FL-1700,AeroGlobal,AE722,CDG,FRA,2026-01-15 21:18:00,2026-01-15 23:36:00,Thunderstorm,20.2,4.8,5.2,9.58,2,1.6,0,83
FL-1701,AeroGlobal,AE228,LAX,ATL,2026-01-28 05:18:00,2026-01-28 10:44:00,High Winds,28.2,10.8,5.3,4.84,11,10.5,0,54
FL-1702,AeroGlobal,AE350,CDG,ORD,2026-01-28 19:45:00,2026-01-28 22:37:00,Rain,3.7,21.3,6.5,3.45,1,17.3,1,64
FL-1703,OceanicAir,OC486,ORD,DXB,2026-01-21 08:06:00,2026-01-21 12:27:00,Snow,19.3,20.6,2.0,9.58,6,10.9,0,75
FL-1704,OceanicAir,OC974,LAX,LHR,2026-01-28 08:05:00,2026-01-28 13:25:00,Overcast,16.5,9.6,4.1,3.75,16,6.6,0,20
FL-1705,OceanicAir,OC173,LHR,ORD,2026-01-22 14:33:00,2026-01-22 16:58:00,Overcast,34.0,2.2,8.7,7.57,2,8.5,0,16
FL-1706,OceanicAir,OC504,LHR,HND,2026-01-23 12:43:00,2026-01-23 16:05:00,Fog,37.4,5.1,8.9,9.93,73,3.2,0,111
FL-1707,AeroGlobal,AE298,CDG,DFW,2026-01-17 02:44:00,2026-01-17 07:49:00,Fog,13.5,31.6,7.1,6.86,27,20.4,0,69
FL-1708,SkyWings,SK932,LHR,JFK,2026-01-30 14:52:00,2026-01-30 16:52:00,Rain,19.1,42.6,1.9,3.23,11,12.9,0,24
FL-1709,AeroGlobal,AE112,LAX,ORD,2026-01-30 13:51:00,2026-01-30 20:40:00,Thunderstorm,9.1,27.2,9.1,5.67,21,4.6,0,78
FL-1710,OceanicAir,OC358,DFW,FRA,2026-01-25 12:23:00,2026-01-25 18:45:00,Thunderstorm,18.1,33.6,7.6,9.32,2,19.2,1,106
FL-1711,JetExpress,JE933,ORD,LHR,2026-01-10 18:51:00,2026-01-10 22:59:00,Fog,4.8,44.4,8.3,1.01,18,2.0,0,48
FL-1712,TransFlight,TR526,DFW,HND,2026-01-09 00:22:00,2026-01-09 02:37:00,Rain,-1.1,7.8,5.1,5.52,0,2.9,0,21
FL-1713,AeroGlobal,AE290,ATL,JFK,2026-01-09 13:35:00,2026-01-09 15:58:00,Rain,37.2,39.5,4.7,9.22,6,2.8,0,40
FL-1714,SkyWings,SK400,LAX,HND,2026-01-06 22:11:00,2026-01-07 01:17:00,Clear,6.4,27.2,5.0,7.06,1,2.7,0,26
FL-1715,SkyWings,SK781,FRA,JFK,2026-01-05 15:46:00,2026-01-05 18:19:00,Snow,28.0,18.2,5.4,9.66,5,6.2,0,79
FL-1716,JetExpress,JE718,CDG,LHR,2026-01-18 02:59:00,2026-01-18 09:33:00,Rain,38.0,37.1,9.4,6.99,7,8.6,0,59
FL-1717,JetExpress,JE994,LHR,LAX,2026-01-01 09:22:00,2026-01-01 14:00:00,High Winds,23.5,33.2,8.9,2.25,10,13.4,0,39
FL-1718,JetExpress,JE816,ATL,CDG,2026-01-21 19:36:00,2026-01-22 01:37:00,Fog,21.6,22.4,4.4,2.69,37,21.7,0,64
FL-1719,SkyWings,SK748,LHR,JFK,2026-01-16 01:33:00,2026-01-16 08:05:00,Thunderstorm,1.2,22.8,7.5,8.15,28,8.0,0,102
FL-1720,OceanicAir,OC774,LAX,HND,2026-01-14 14:58:00,2026-01-14 20:53:00,Overcast,24.2,39.4,8.8,8.06,3,15.9,1,49
FL-1721,SkyWings,SK408,DXB,HND,2026-01-08 21:33:00,2026-01-09 02:06:00,Clear,13.1,25.2,2.8,2.53,31,20.8,0,39
FL-1722,NimbusAero,NI129,ORD,CDG,2026-01-18 16:52:00,2026-01-18 20:00:00,Overcast,24.5,30.6,9.5,7.04,30,14.8,0,52
FL-1723,NimbusAero,NI842,HND,LAX,2026-01-16 09:30:00,2026-01-16 12:09:00,Snow,26.8,27.8,6.6,4.39,5,15.9,0,57
FL-1724,NimbusAero,NI903,DXB,CDG,2026-01-11 20:53:00,2026-01-11 23:32:00,Rain,-4.4,5.8,1.3,7.67,1,20.7,0,25
FL-1725,JetExpress,JE230,LHR,HND,2026-01-27 12:08:00,2026-01-27 12:53:00,Rain,-7.0,25.0,8.5,9.82,17,7.4,0,52
FL-1726,NimbusAero,NI915,ORD,FRA,2026-01-28 15:07:00,2026-01-28 20:54:00,Overcast,-4.9,2.4,8.6,3.84,6,18.0,0,20
FL-1727,NimbusAero,NI566,ORD,LHR,2026-01-07 21:19:00,2026-01-08 03:44:00,High Winds,28.5,32.2,6.2,3.78,25,21.8,1,89
FL-1728,NimbusAero,NI687,HND,ATL,2026-01-23 18:41:00,2026-01-23 21:55:00,Fog,36.4,4.5,8.2,2.37,2,15.9,0,66
FL-1729,AeroGlobal,AE817,JFK,ATL,2026-01-23 10:29:00,2026-01-23 17:26:00,Thunderstorm,4.4,37.0,9.2,2.43,21,1.0,0,60
FL-1730,OceanicAir,OC794,HND,LHR,2026-01-19 01:28:00,2026-01-19 05:33:00,Clear,15.3,14.2,7.1,2.76,2,18.9,0,0
FL-1731,TransFlight,TR986,JFK,LHR,2026-01-22 01:44:00,2026-01-22 08:04:00,Overcast,17.7,21.0,5.1,9.07,2,5.0,0,37
FL-1732,AeroGlobal,AE852,JFK,CDG,2026-01-27 10:47:00,2026-01-27 12:24:00,Fog,27.7,38.9,4.1,9.84,6,15.1,1,81
FL-1733,JetExpress,JE585,ORD,JFK,2026-01-06 14:10:00,2026-01-06 19:18:00,Fog,6.2,20.7,1.9,7.5,8,5.8,0,51
FL-1734,OceanicAir,OC600,DFW,ORD,2026-01-30 23:01:00,2026-01-31 02:58:00,High Winds,23.2,36.2,6.8,8.0,5,19.1,0,28
FL-1735,NimbusAero,NI555,LHR,JFK,2026-01-06 17:04:00,2026-01-06 18:48:00,Clear,-4.1,29.6,9.1,3.02,1,13.1,0,14
FL-1736,OceanicAir,OC380,LAX,ATL,2026-01-18 17:23:00,2026-01-18 22:15:00,Fog,23.7,14.8,1.7,3.93,15,15.8,0,54
FL-1737,OceanicAir,OC932,JFK,HND,2026-01-26 13:21:00,2026-01-26 18:40:00,High Winds,29.0,23.0,5.4,6.26,15,15.8,0,41
FL-1738,AeroGlobal,AE774,LAX,ATL,2026-01-28 12:22:00,2026-01-28 19:02:00,Overcast,-9.7,21.2,3.5,1.35,2,12.9,0,2
FL-1739,SkyWings,SK675,DFW,JFK,2026-01-05 02:25:00,2026-01-05 04:13:00,Snow,4.3,43.5,2.1,9.79,79,14.7,0,111
FL-1740,SkyWings,SK631,DFW,FRA,2026-01-21 11:58:00,2026-01-21 13:54:00,Snow,13.5,15.5,9.2,9.97,0,13.5,0,64
FL-1741,NimbusAero,NI201,JFK,DFW,2026-01-02 22:07:00,2026-01-03 00:28:00,Overcast,4.4,37.8,9.6,6.42,1,5.1,0,22
FL-1742,AeroGlobal,AE846,FRA,CDG,2026-01-04 15:13:00,2026-01-04 20:39:00,Rain,2.5,29.9,2.1,5.1,5,20.8,0,39
FL-1743,AeroGlobal,AE648,ATL,LAX,2026-01-29 21:39:00,2026-01-30 04:39:00,Rain,37.8,32.0,2.3,4.35,0,14.6,0,23
FL-1744,TransFlight,TR267,CDG,ORD,2026-01-15 15:32:00,2026-01-15 19:59:00,Thunderstorm,-8.8,28.0,1.2,2.12,10,2.9,0,44
FL-1745,SkyWings,SK437,LAX,CDG,2026-01-16 10:17:00,2026-01-16 13:21:00,Overcast,31.7,11.7,0.6,4.39,14,21.3,0,35
FL-1746,SkyWings,SK279,DXB,DFW,2026-01-28 01:09:00,2026-01-28 06:04:00,Clear,15.4,32.1,8.7,5.96,11,13.6,0,17
FL-1747,AeroGlobal,AE425,CDG,ORD,2026-01-16 23:01:00,2026-01-17 05:33:00,High Winds,15.5,27.6,8.6,5.29,32,3.2,0,57
FL-1748,TransFlight,TR830,ORD,ATL,2026-01-07 17:50:00,2026-01-07 21:48:00,Snow,25.3,4.3,7.4,9.77,8,15.7,1,91
FL-1749,NimbusAero,NI568,ORD,DXB,2026-01-17 08:39:00,2026-01-17 13:23:00,Snow,3.8,43.0,5.4,7.47,8,20.4,1,77
FL-1750,SkyWings,SK412,CDG,LHR,2026-01-05 08:27:00,2026-01-05 14:36:00,Clear,-6.3,12.3,1.4,6.18,26,2.3,0,46
FL-1751,OceanicAir,OC927,JFK,HND,2026-01-24 09:37:00,2026-01-24 16:36:00,Overcast,13.0,24.1,10.0,8.99,0,15.5,0,42
FL-1752,NimbusAero,NI107,CDG,FRA,2026-01-16 22:53:00,2026-01-17 01:43:00,Fog,21.7,41.6,10.0,9.5,8,15.2,1,78
FL-1753,AeroGlobal,AE790,DXB,ATL,2026-01-09 04:56:00,2026-01-09 06:19:00,Rain,30.3,24.1,9.5,4.8,4,8.7,0,30
FL-1754,SkyWings,SK446,ATL,FRA,2026-01-06 14:44:00,2026-01-06 17:57:00,Rain,13.2,13.4,0.5,6.68,21,9.0,0,52
FL-1755,NimbusAero,NI627,JFK,DXB,2026-01-29 08:44:00,2026-01-29 13:38:00,Clear,7.1,28.5,3.6,4.19,3,0.6,0,5
FL-1756,AeroGlobal,AE511,LHR,JFK,2026-01-05 20:41:00,2026-01-06 01:06:00,Thunderstorm,-0.5,24.8,9.0,4.7,0,20.1,1,79
FL-1757,JetExpress,JE331,HND,CDG,2026-01-18 06:50:00,2026-01-18 10:08:00,Rain,10.6,9.8,8.2,1.98,11,9.9,0,28
FL-1758,AeroGlobal,AE243,LHR,HND,2026-01-01 12:20:00,2026-01-01 16:08:00,High Winds,24.0,6.8,3.2,2.2,9,9.6,0,28
FL-1759,SkyWings,SK264,ATL,DXB,2026-01-13 08:19:00,2026-01-13 10:04:00,Thunderstorm,13.5,23.3,7.0,2.15,5,16.6,0,52
FL-1760,NimbusAero,NI859,CDG,ORD,2026-01-06 05:51:00,2026-01-06 07:31:00,High Winds,-9.0,8.7,5.3,7.91,20,5.6,0,50
FL-1761,JetExpress,JE539,FRA,JFK,2026-01-21 00:24:00,2026-01-21 05:14:00,Rain,3.5,5.6,4.6,6.56,7,16.2,1,53
FL-1762,SkyWings,SK984,DFW,ATL,2026-01-20 18:45:00,2026-01-20 21:11:00,Thunderstorm,23.9,36.8,7.2,5.52,9,4.4,0,86
FL-1763,TransFlight,TR744,ORD,DFW,2026-01-06 17:34:00,2026-01-06 19:26:00,Thunderstorm,-8.2,44.6,9.3,4.84,46,13.8,0,81
FL-1764,SkyWings,SK489,CDG,FRA,2026-01-15 04:43:00,2026-01-15 11:26:00,Fog,37.0,11.5,4.5,1.55,23,9.7,0,49
FL-1765,SkyWings,SK375,LHR,DFW,2026-01-17 05:24:00,2026-01-17 12:13:00,Thunderstorm,1.9,40.5,2.2,1.0,8,14.7,0,37
FL-1766,JetExpress,JE583,DFW,LAX,2026-01-20 20:39:00,2026-01-20 22:58:00,Rain,35.5,17.6,3.4,1.87,4,0.8,0,20
FL-1767,AeroGlobal,AE439,LHR,CDG,2026-01-28 01:14:00,2026-01-28 06:29:00,Snow,7.8,30.0,2.5,4.46,15,19.6,1,94
FL-1768,SkyWings,SK142,FRA,ATL,2026-01-10 00:43:00,2026-01-10 07:28:00,Thunderstorm,34.4,5.2,5.7,4.09,16,16.1,0,64
FL-1769,NimbusAero,NI257,JFK,ATL,2026-01-09 23:23:00,2026-01-10 03:42:00,Snow,24.2,40.3,7.7,8.61,14,12.5,0,78
FL-1770,JetExpress,JE559,LAX,HND,2026-01-04 07:57:00,2026-01-04 12:49:00,Thunderstorm,15.1,43.0,8.0,2.5,1,6.4,0,55
FL-1771,JetExpress,JE146,FRA,JFK,2026-01-09 21:44:00,2026-01-10 01:52:00,Thunderstorm,22.9,39.4,9.7,2.49,20,16.6,0,74
FL-1772,OceanicAir,OC721,DFW,ATL,2026-01-09 15:02:00,2026-01-09 15:48:00,Overcast,17.5,27.5,0.6,9.36,10,11.5,0,39
FL-1773,NimbusAero,NI637,DFW,LHR,2026-01-11 06:39:00,2026-01-11 09:55:00,Fog,2.9,7.1,2.6,5.8,1,6.8,0,49
FL-1774,JetExpress,JE236,DFW,JFK,2026-01-30 11:41:00,2026-01-30 14:33:00,High Winds,0.1,7.0,6.7,6.69,18,21.4,0,64
FL-1775,TransFlight,TR370,ORD,HND,2026-01-29 01:54:00,2026-01-29 05:09:00,Rain,37.3,28.9,0.6,4.2,5,16.2,0,41
FL-1776,SkyWings,SK650,FRA,LAX,2026-01-18 15:13:00,2026-01-18 21:32:00,Rain,31.8,29.3,5.7,8.35,6,5.2,0,50
FL-1777,TransFlight,TR744,CDG,ORD,2026-01-21 13:12:00,2026-01-21 15:55:00,Fog,24.9,17.9,9.1,1.84,3,4.4,0,40
FL-1778,AeroGlobal,AE293,FRA,HND,2026-01-09 11:03:00,2026-01-09 17:19:00,Rain,-9.0,9.0,2.2,4.55,2,13.6,0,29
FL-1779,SkyWings,SK536,ATL,DXB,2026-01-30 14:38:00,2026-01-30 18:49:00,Clear,24.8,7.9,7.6,1.11,21,2.6,0,9
FL-1780,SkyWings,SK946,JFK,LAX,2026-01-07 06:22:00,2026-01-07 09:14:00,High Winds,-6.0,8.1,6.5,1.12,4,21.3,0,35
FL-1781,NimbusAero,NI937,LHR,LAX,2026-01-10 10:59:00,2026-01-10 12:55:00,Thunderstorm,26.5,40.4,8.2,3.77,7,10.8,0,69
FL-1782,TransFlight,TR808,DFW,FRA,2026-01-06 20:25:00,2026-01-06 21:20:00,High Winds,-7.9,25.4,1.5,8.98,3,9.4,0,57
FL-1783,AeroGlobal,AE124,ATL,HND,2026-01-18 18:56:00,2026-01-18 20:56:00,Rain,21.5,11.7,8.9,4.46,22,19.5,0,29
FL-1784,AeroGlobal,AE212,ATL,LAX,2026-01-14 01:48:00,2026-01-14 05:35:00,Clear,19.6,7.1,9.3,9.28,15,19.8,0,36
FL-1785,TransFlight,TR442,FRA,ORD,2026-01-20 14:28:00,2026-01-20 16:29:00,Fog,23.0,28.9,3.2,8.88,51,6.3,0,87
FL-1786,JetExpress,JE371,LAX,JFK,2026-01-08 00:21:00,2026-01-08 06:41:00,Overcast,5.4,18.8,7.4,8.07,24,10.8,0,59
FL-1787,TransFlight,TR537,DFW,ORD,2026-01-05 08:47:00,2026-01-05 12:17:00,Overcast,-1.3,18.6,3.5,4.81,20,15.4,0,50
FL-1788,JetExpress,JE241,ATL,HND,2026-01-20 07:17:00,2026-01-20 12:43:00,Thunderstorm,15.9,23.2,5.6,3.07,25,2.3,0,68
FL-1789,TransFlight,TR691,ATL,LAX,2026-01-11 22:53:00,2026-01-12 02:43:00,Clear,-0.2,38.6,3.9,5.27,6,3.4,0,26
FL-1790,JetExpress,JE469,ORD,LHR,2026-01-22 04:52:00,2026-01-22 06:50:00,High Winds,31.0,43.8,9.2,3.18,39,18.3,1,72
FL-1791,NimbusAero,NI820,ORD,HND,2026-01-02 10:46:00,2026-01-02 17:27:00,Thunderstorm,7.8,32.2,6.8,1.66,8,18.5,0,30
FL-1792,JetExpress,JE244,LAX,DFW,2026-01-04 18:10:00,2026-01-04 19:01:00,Snow,29.9,19.9,7.8,5.23,8,3.5,0,64
FL-1793,JetExpress,JE581,CDG,LHR,2026-01-21 10:56:00,2026-01-21 17:11:00,Fog,-9.4,6.8,1.1,6.78,4,13.5,0,48
FL-1794,AeroGlobal,AE111,CDG,HND,2026-01-21 22:12:00,2026-01-22 03:40:00,Fog,29.8,41.5,5.3,7.38,1,9.6,0,48
FL-1795,SkyWings,SK634,CDG,ORD,2026-01-10 21:24:00,2026-01-11 01:34:00,Snow,-7.3,18.9,8.3,9.78,15,13.5,0,68
FL-1796,NimbusAero,NI579,HND,LHR,2026-01-30 22:55:00,2026-01-31 05:08:00,Thunderstorm,29.7,9.1,8.1,6.82,5,4.7,0,64
FL-1797,SkyWings,SK471,FRA,LHR,2026-01-02 12:38:00,2026-01-02 15:25:00,Rain,-2.2,6.6,2.5,1.1,28,20.1,1,53
FL-1798,SkyWings,SK346,DFW,LAX,2026-01-27 04:43:00,2026-01-27 10:17:00,Clear,17.1,36.0,0.9,3.83,37,20.8,1,64
FL-1799,JetExpress,JE507,DXB,ATL,2026-01-15 13:29:00,2026-01-15 17:34:00,Fog,7.1,7.6,6.9,3.98,9,19.8,0,36
FL-1800,AeroGlobal,AE124,FRA,CDG,2026-01-22 22:57:00,2026-01-23 04:42:00,High Winds,30.9,14.5,1.9,5.17,27,19.5,1,97
FL-1801,AeroGlobal,AE926,ORD,ATL,2026-01-24 01:54:00,2026-01-24 07:03:00,Fog,19.2,24.5,7.8,5.03,16,3.3,0,56
FL-1802,TransFlight,TR976,CDG,JFK,2026-01-18 21:23:00,2026-01-19 00:10:00,Overcast,37.9,28.1,9.6,6.1,2,21.9,1,48
FL-1803,JetExpress,JE660,LAX,DXB,2026-01-05 12:47:00,2026-01-05 17:24:00,Rain,-1.9,14.7,1.1,6.19,41,8.1,0,55
FL-1804,NimbusAero,NI890,HND,DFW,2026-01-22 18:55:00,2026-01-22 21:51:00,High Winds,32.1,30.0,1.8,2.12,0,12.7,0,28
FL-1805,JetExpress,JE510,CDG,ORD,2026-01-21 07:30:00,2026-01-21 11:22:00,Snow,30.6,42.9,4.0,7.14,19,11.4,0,66
FL-1806,NimbusAero,NI143,FRA,JFK,2026-01-12 09:24:00,2026-01-12 16:07:00,High Winds,16.9,8.6,1.5,4.38,25,12.8,0,67
FL-1807,AeroGlobal,AE497,HND,LAX,2026-01-17 03:07:00,2026-01-17 07:50:00,Thunderstorm,20.8,40.7,4.9,1.77,27,16.2,0,64
FL-1808,OceanicAir,OC304,CDG,LHR,2026-01-04 04:25:00,2026-01-04 07:52:00,Rain,37.8,22.9,7.2,5.29,19,6.5,0,62
FL-1809,AeroGlobal,AE581,ORD,DFW,2026-01-15 19:43:00,2026-01-16 01:18:00,Clear,37.4,35.3,1.1,8.28,10,17.5,0,46
FL-1810,AeroGlobal,AE988,JFK,HND,2026-01-13 12:44:00,2026-01-13 15:38:00,Fog,-1.5,8.1,3.1,1.74,5,19.3,0,51
FL-1811,AeroGlobal,AE785,DFW,ORD,2026-01-03 16:42:00,2026-01-03 18:14:00,Thunderstorm,6.4,34.4,2.1,4.14,30,9.5,0,83
FL-1812,NimbusAero,NI902,ORD,HND,2026-01-17 09:25:00,2026-01-17 16:04:00,Snow,8.7,2.4,7.9,6.37,15,2.2,0,64
FL-1813,TransFlight,TR248,LHR,CDG,2026-01-01 21:29:00,2026-01-01 23:31:00,Thunderstorm,34.8,23.5,3.5,8.13,9,15.0,0,77
FL-1814,NimbusAero,NI103,HND,ORD,2026-01-30 02:49:00,2026-01-30 07:24:00,Fog,36.5,6.2,2.6,9.81,0,9.5,0,68
FL-1815,AeroGlobal,AE715,CDG,ATL,2026-01-17 02:12:00,2026-01-17 04:44:00,Overcast,36.6,26.8,0.6,8.32,72,0.8,0,67
FL-1816,TransFlight,TR938,LAX,DXB,2026-01-30 18:47:00,2026-01-30 23:25:00,Thunderstorm,9.7,17.1,5.7,5.71,1,16.9,1,90
FL-1817,OceanicAir,OC482,ORD,FRA,2026-01-28 07:46:00,2026-01-28 09:54:00,Snow,10.9,14.3,6.8,7.12,3,14.1,0,62
FL-1818,SkyWings,SK189,LAX,ORD,2026-01-30 19:33:00,2026-01-30 20:26:00,Snow,34.8,6.5,7.6,6.61,12,12.2,0,75
FL-1819,TransFlight,TR695,JFK,LHR,2026-01-20 09:27:00,2026-01-20 12:00:00,Overcast,27.3,25.7,1.6,8.71,3,20.9,0,50
FL-1820,OceanicAir,OC522,CDG,JFK,2026-01-18 07:12:00,2026-01-18 09:51:00,Snow,3.6,39.8,3.0,8.55,6,17.6,0,66
FL-1821,OceanicAir,OC133,JFK,LAX,2026-01-08 05:31:00,2026-01-08 09:27:00,High Winds,29.2,37.3,6.2,4.02,0,21.1,0,54
FL-1822,OceanicAir,OC297,FRA,CDG,2026-01-03 14:20:00,2026-01-03 20:00:00,Thunderstorm,-3.8,29.4,9.8,2.56,21,19.9,0,50
FL-1823,SkyWings,SK827,ORD,FRA,2026-01-06 15:17:00,2026-01-06 21:25:00,Snow,27.6,38.3,6.5,3.34,2,12.4,0,46
FL-1824,AeroGlobal,AE195,LAX,JFK,2026-01-21 03:46:00,2026-01-21 04:36:00,Fog,27.0,8.6,6.4,5.89,5,21.4,0,33
FL-1825,NimbusAero,NI233,HND,LHR,2026-01-09 17:46:00,2026-01-09 20:33:00,Fog,33.1,14.8,5.6,3.21,19,17.3,0,31
FL-1826,NimbusAero,NI152,DFW,LAX,2026-01-07 19:02:00,2026-01-08 01:08:00,Clear,20.6,26.9,1.5,5.13,32,13.3,0,20
FL-1827,JetExpress,JE368,ORD,LAX,2026-01-04 18:31:00,2026-01-04 23:29:00,High Winds,7.3,38.0,4.2,5.42,7,1.0,0,60
FL-1828,NimbusAero,NI178,ATL,HND,2026-01-18 07:52:00,2026-01-18 11:17:00,Fog,33.6,36.8,2.2,1.09,17,4.3,0,52
FL-1829,TransFlight,TR975,JFK,ORD,2026-01-16 20:26:00,2026-01-17 00:08:00,Thunderstorm,37.8,27.8,0.5,5.7,1,6.0,0,50
FL-1830,TransFlight,TR130,DXB,JFK,2026-01-24 19:47:00,2026-01-25 00:54:00,High Winds,-2.7,39.3,1.6,2.95,13,7.5,0,65
FL-1831,NimbusAero,NI808,ORD,LHR,2026-01-13 16:55:00,2026-01-13 21:46:00,Overcast,35.8,17.0,5.7,3.65,1,16.5,0,13
FL-1832,OceanicAir,OC297,DFW,ORD,2026-01-10 06:08:00,2026-01-10 12:44:00,High Winds,32.6,14.1,4.2,6.25,13,17.0,0,84
FL-1833,NimbusAero,NI599,CDG,DXB,2026-01-20 12:50:00,2026-01-20 18:40:00,Fog,3.0,15.7,1.5,4.45,13,4.8,0,65
FL-1834,NimbusAero,NI939,LAX,DXB,2026-01-08 20:40:00,2026-01-08 21:42:00,Snow,2.1,19.6,6.2,8.9,16,20.9,0,67
FL-1835,SkyWings,SK284,LHR,HND,2026-01-09 17:04:00,2026-01-09 20:52:00,Overcast,-6.5,30.2,4.0,8.02,26,3.1,0,55
FL-1836,SkyWings,SK834,LHR,ATL,2026-01-22 10:18:00,2026-01-22 15:53:00,High Winds,5.4,12.0,1.1,3.55,10,5.1,0,54
FL-1837,TransFlight,TR384,FRA,LAX,2026-01-27 08:54:00,2026-01-27 15:09:00,Thunderstorm,22.7,20.7,8.2,2.78,18,1.6,0,59
FL-1838,SkyWings,SK381,CDG,LAX,2026-01-06 21:32:00,2026-01-07 02:08:00,Overcast,18.9,27.4,2.7,1.19,23,0.9,0,0
FL-1839,TransFlight,TR104,HND,DFW,2026-01-07 05:09:00,2026-01-07 09:20:00,Clear,33.0,41.5,0.9,6.8,2,2.0,0,33
FL-1840,OceanicAir,OC840,DFW,LHR,2026-01-15 16:27:00,2026-01-15 20:09:00,Thunderstorm,-6.2,35.3,5.2,1.42,5,6.9,0,58
FL-1841,OceanicAir,OC969,LAX,CDG,2026-01-29 08:59:00,2026-01-29 10:36:00,Clear,0.8,37.5,1.8,9.94,3,19.0,0,35
FL-1842,SkyWings,SK295,LHR,FRA,2026-01-01 11:23:00,2026-01-01 18:00:00,High Winds,-7.5,40.0,0.9,1.43,13,7.0,0,40
FL-1843,NimbusAero,NI727,CDG,DFW,2026-01-09 00:03:00,2026-01-09 01:58:00,Snow,12.1,7.4,8.7,7.78,8,19.6,0,71
FL-1844,OceanicAir,OC784,LAX,FRA,2026-01-25 06:16:00,2026-01-25 09:04:00,Snow,12.9,23.1,3.2,7.95,15,10.9,0,60
FL-1845,JetExpress,JE828,LAX,CDG,2026-01-26 16:02:00,2026-01-26 18:51:00,Fog,21.1,38.8,7.1,1.68,7,11.1,0,33
FL-1846,NimbusAero,NI321,HND,CDG,2026-01-09 19:15:00,2026-01-10 00:09:00,Clear,6.3,37.0,7.7,5.63,27,7.2,0,48
FL-1847,NimbusAero,NI564,ORD,FRA,2026-01-06 01:24:00,2026-01-06 03:15:00,Overcast,34.0,18.6,4.8,6.58,13,4.9,0,14
FL-1848,SkyWings,SK384,CDG,ORD,2026-01-15 05:29:00,2026-01-15 11:09:00,Fog,-5.1,21.8,1.5,1.99,3,0.9,0,19
FL-1849,JetExpress,JE129,HND,FRA,2026-01-21 20:24:00,2026-01-22 00:09:00,Rain,-4.3,25.7,3.9,2.91,0,9.0,0,10
FL-1850,JetExpress,JE154,HND,DFW,2026-01-18 01:53:00,2026-01-18 03:28:00,Clear,21.1,33.5,4.5,3.65,0,9.2,0,7
FL-1851,TransFlight,TR722,HND,FRA,2026-01-20 23:34:00,2026-01-21 01:14:00,Fog,-7.6,12.7,1.6,2.04,10,19.7,0,42
FL-1852,TransFlight,TR203,DFW,ATL,2026-01-29 11:26:00,2026-01-29 18:09:00,Fog,9.4,18.9,2.6,8.42,5,15.4,0,63
FL-1853,AeroGlobal,AE455,DFW,LHR,2026-01-01 09:23:00,2026-01-01 10:56:00,Overcast,14.2,32.1,5.0,3.75,27,20.0,1,50
FL-1854,SkyWings,SK270,ORD,CDG,2026-01-21 23:13:00,2026-01-22 01:10:00,Clear,22.0,20.4,0.7,9.77,3,19.4,1,54
FL-1855,SkyWings,SK708,LHR,DXB,2026-01-27 18:57:00,2026-01-27 19:42:00,Thunderstorm,31.9,22.3,0.9,1.16,9,15.1,0,61
FL-1856,TransFlight,TR271,ORD,LAX,2026-01-05 19:13:00,2026-01-05 22:33:00,High Winds,25.3,21.5,7.5,9.91,2,6.0,0,68
FL-1857,JetExpress,JE569,JFK,CDG,2026-01-14 22:55:00,2026-01-15 05:43:00,Rain,32.8,35.3,8.6,9.12,10,13.3,0,43
FL-1858,NimbusAero,NI631,JFK,ATL,2026-01-19 22:10:00,2026-01-20 00:47:00,Fog,37.7,17.4,0.8,6.2,8,15.5,0,56
FL-1859,SkyWings,SK298,CDG,LAX,2026-01-13 17:11:00,2026-01-13 23:16:00,Fog,16.2,41.2,9.9,8.88,2,4.3,0,71
FL-1860,JetExpress,JE439,CDG,HND,2026-01-13 19:44:00,2026-01-13 23:07:00,Overcast,-8.0,24.4,3.8,6.51,14,9.8,0,38
FL-1861,JetExpress,JE395,LAX,JFK,2026-01-23 22:57:00,2026-01-24 05:32:00,Overcast,12.4,8.5,9.7,6.61,16,14.8,0,30
FL-1862,JetExpress,JE166,DFW,JFK,2026-01-21 21:44:00,2026-01-21 22:49:00,Overcast,3.6,27.5,1.0,3.75,47,9.8,0,35
FL-1863,SkyWings,SK151,DFW,ORD,2026-01-17 04:31:00,2026-01-17 07:41:00,High Winds,31.2,30.6,7.8,2.4,4,2.3,0,28
FL-1864,NimbusAero,NI301,CDG,LAX,2026-01-14 11:38:00,2026-01-14 14:15:00,Clear,12.7,17.2,8.2,6.73,35,9.6,0,36
FL-1865,SkyWings,SK367,DFW,LHR,2026-01-09 03:17:00,2026-01-09 08:50:00,Thunderstorm,22.6,15.9,6.0,7.15,21,4.8,0,64
FL-1866,TransFlight,TR304,DFW,LHR,2026-01-05 03:29:00,2026-01-05 06:46:00,Snow,34.5,21.8,2.2,8.04,8,18.4,1,83
FL-1867,NimbusAero,NI420,DXB,LHR,2026-01-22 13:35:00,2026-01-22 17:21:00,Thunderstorm,12.4,43.3,4.9,9.21,0,1.1,0,84
FL-1868,SkyWings,SK873,ORD,LHR,2026-01-12 07:02:00,2026-01-12 12:44:00,Snow,7.9,28.7,9.0,8.9,35,1.7,0,95
FL-1869,AeroGlobal,AE512,JFK,DXB,2026-01-24 19:48:00,2026-01-25 00:28:00,High Winds,-7.4,4.4,8.4,6.85,7,7.7,0,40
FL-1870,JetExpress,JE679,HND,LHR,2026-01-04 00:28:00,2026-01-04 02:15:00,Fog,18.1,24.0,7.3,7.31,6,11.6,0,58
FL-1871,OceanicAir,OC239,ATL,ORD,2026-01-14 22:39:00,2026-01-15 04:45:00,Rain,24.5,42.3,8.2,6.61,12,4.8,0,40
FL-1872,AeroGlobal,AE718,LAX,FRA,2026-01-05 15:48:00,2026-01-05 18:39:00,Overcast,-5.0,3.1,5.3,4.52,41,20.4,0,42
FL-1873,AeroGlobal,AE939,ATL,FRA,2026-01-13 02:17:00,2026-01-13 08:15:00,Fog,11.1,30.3,1.7,2.32,4,1.0,0,24
FL-1874,NimbusAero,NI773,ATL,ORD,2026-01-24 12:42:00,2026-01-24 19:25:00,Snow,-0.4,22.7,3.2,1.9,19,13.2,0,39
FL-1875,JetExpress,JE500,CDG,LAX,2026-01-22 08:46:00,2026-01-22 13:04:00,High Winds,10.4,3.2,4.8,6.08,12,0.7,0,61
FL-1876,NimbusAero,NI766,FRA,HND,2026-01-03 04:33:00,2026-01-03 08:19:00,Overcast,12.5,33.1,3.1,9.84,9,8.2,0,44
FL-1877,TransFlight,TR315,LHR,FRA,2026-01-19 00:39:00,2026-01-19 05:46:00,Clear,-1.6,8.5,6.7,6.07,6,10.4,0,28
FL-1878,AeroGlobal,AE385,DFW,HND,2026-01-04 08:30:00,2026-01-04 14:45:00,Thunderstorm,8.1,22.3,6.8,6.18,1,20.4,0,64
FL-1879,AeroGlobal,AE814,LHR,CDG,2026-01-27 20:25:00,2026-01-28 02:26:00,High Winds,9.4,3.9,8.6,2.43,4,2.6,0,28
FL-1880,NimbusAero,NI587,LHR,ATL,2026-01-12 00:26:00,2026-01-12 02:04:00,Overcast,25.0,18.5,9.7,9.3,28,1.8,0,62
FL-1881,SkyWings,SK967,LAX,DXB,2026-01-18 06:51:00,2026-01-18 12:46:00,Fog,30.4,41.7,3.6,7.29,1,8.6,0,85
FL-1882,TransFlight,TR669,ATL,DFW,2026-01-12 17:47:00,2026-01-12 22:43:00,Thunderstorm,22.6,11.7,7.6,4.91,29,11.9,0,84
FL-1883,SkyWings,SK696,JFK,ORD,2026-01-10 12:19:00,2026-01-10 13:21:00,High Winds,-3.3,2.2,7.9,6.11,18,19.1,0,67
FL-1884,NimbusAero,NI757,DXB,HND,2026-01-09 21:40:00,2026-01-10 00:11:00,Snow,29.7,23.5,3.9,9.1,11,18.8,0,71
FL-1885,NimbusAero,NI485,LAX,ORD,2026-01-07 00:55:00,2026-01-07 06:04:00,Rain,-5.2,23.4,1.0,5.86,9,1.0,0,32
FL-1886,JetExpress,JE948,DFW,HND,2026-01-17 12:55:00,2026-01-17 14:14:00,High Winds,31.8,43.6,1.2,6.18,2,18.8,0,48
FL-1887,OceanicAir,OC733,JFK,FRA,2026-01-06 07:06:00,2026-01-06 12:49:00,Thunderstorm,35.0,44.4,6.7,1.29,7,9.6,0,66
FL-1888,SkyWings,SK242,ATL,FRA,2026-01-16 06:01:00,2026-01-16 12:25:00,Clear,1.3,5.1,9.5,9.14,15,15.6,0,34
FL-1889,SkyWings,SK526,FRA,LAX,2026-01-26 08:18:00,2026-01-26 13:08:00,Overcast,3.0,3.8,0.8,5.57,10,14.5,0,29
FL-1890,JetExpress,JE900,ATL,JFK,2026-01-03 18:27:00,2026-01-03 19:25:00,High Winds,27.5,10.4,6.3,4.41,24,15.2,1,73
FL-1891,OceanicAir,OC884,CDG,ORD,2026-01-20 19:22:00,2026-01-21 02:06:00,Thunderstorm,16.4,7.0,1.6,6.54,23,19.9,0,77
FL-1892,SkyWings,SK343,ATL,LAX,2026-01-28 00:55:00,2026-01-28 01:45:00,Overcast,9.8,34.4,8.2,5.83,3,1.5,0,19
FL-1893,NimbusAero,NI355,JFK,ORD,2026-01-03 19:52:00,2026-01-03 21:41:00,Thunderstorm,-1.3,3.9,3.8,6.9,6,5.8,0,62
FL-1894,TransFlight,TR507,HND,LAX,2026-01-31 03:10:00,2026-01-31 04:34:00,Clear,2.0,25.4,5.2,7.62,21,8.2,0,25
FL-1895,AeroGlobal,AE554,DFW,CDG,2026-01-26 08:16:00,2026-01-26 11:30:00,High Winds,21.4,24.7,3.0,7.28,31,11.3,0,67
FL-1896,OceanicAir,OC822,FRA,HND,2026-01-13 23:35:00,2026-01-14 01:00:00,Overcast,33.8,38.2,5.4,3.74,31,12.4,0,30
FL-1897,NimbusAero,NI935,ORD,JFK,2026-01-11 22:47:00,2026-01-12 05:29:00,Thunderstorm,21.2,21.5,1.6,5.49,9,1.2,0,69
FL-1898,OceanicAir,OC407,LAX,JFK,2026-01-13 22:50:00,2026-01-14 04:47:00,Thunderstorm,13.8,39.1,4.2,1.4,62,4.9,0,78
FL-1899,OceanicAir,OC645,JFK,LHR,2026-01-02 16:11:00,2026-01-02 21:33:00,High Winds,6.7,3.1,6.3,9.04,35,20.3,0,81
FL-1900,TransFlight,TR321,JFK,CDG,2026-01-29 12:52:00,2026-01-29 17:19:00,High Winds,10.5,33.4,7.5,1.51,11,2.8,0,30
FL-1901,NimbusAero,NI794,DFW,FRA,2026-01-22 08:16:00,2026-01-22 12:38:00,Snow,24.5,35.1,3.0,9.64,16,10.5,0,89
FL-1902,AeroGlobal,AE235,JFK,LHR,2026-01-13 17:42:00,2026-01-13 19:10:00,Overcast,27.0,14.7,5.9,1.35,25,6.4,0,35
FL-1903,JetExpress,JE901,FRA,JFK,2026-01-06 21:46:00,2026-01-07 01:08:00,Snow,21.7,37.9,8.6,4.99,50,0.9,0,66
FL-1904,SkyWings,SK467,HND,FRA,2026-01-11 03:56:00,2026-01-11 08:10:00,Clear,17.8,5.4,9.0,5.96,3,21.0,0,4
FL-1905,JetExpress,JE365,HND,ORD,2026-01-11 14:24:00,2026-01-11 20:31:00,Overcast,-2.9,28.6,1.0,2.03,23,1.3,0,26
FL-1906,OceanicAir,OC693,LHR,JFK,2026-01-26 10:28:00,2026-01-26 17:20:00,Overcast,-7.1,32.7,3.0,3.32,12,15.1,0,33
FL-1907,NimbusAero,NI145,FRA,ATL,2026-01-17 03:59:00,2026-01-17 05:39:00,Clear,14.3,6.9,1.2,2.84,7,12.8,0,20
FL-1908,NimbusAero,NI525,LAX,HND,2026-01-14 03:12:00,2026-01-14 05:10:00,Clear,5.7,35.9,3.7,4.67,36,14.5,0,26
FL-1909,JetExpress,JE736,JFK,ATL,2026-01-18 00:17:00,2026-01-18 01:24:00,Rain,34.7,41.2,0.7,6.48,17,17.9,0,48
FL-1910,TransFlight,TR902,FRA,LHR,2026-01-11 00:41:00,2026-01-11 04:39:00,High Winds,18.0,30.3,1.9,7.86,23,14.5,0,88
FL-1911,AeroGlobal,AE678,DXB,FRA,2026-01-20 06:39:00,2026-01-20 11:59:00,Fog,-4.2,39.8,8.1,6.46,35,14.7,0,65
FL-1912,JetExpress,JE375,ATL,LHR,2026-01-12 08:32:00,2026-01-12 12:05:00,Overcast,28.4,44.0,2.7,3.83,4,21.4,0,13
FL-1913,OceanicAir,OC470,LAX,CDG,2026-01-26 18:10:00,2026-01-26 23:13:00,Clear,33.9,30.1,6.2,5.04,33,9.5,0,32
FL-1914,AeroGlobal,AE650,ATL,HND,2026-01-27 20:42:00,2026-01-28 03:07:00,Overcast,19.1,36.2,3.7,2.06,15,9.3,0,17
FL-1915,AeroGlobal,AE689,HND,ATL,2026-01-09 10:30:00,2026-01-09 15:07:00,Clear,-2.0,20.0,7.8,7.4,14,10.6,0,23
FL-1916,SkyWings,SK953,CDG,JFK,2026-01-08 20:20:00,2026-01-08 21:42:00,Overcast,14.7,24.8,4.2,4.8,1,3.2,0,23
FL-1917,AeroGlobal,AE829,DFW,LAX,2026-01-16 13:53:00,2026-01-16 17:30:00,Snow,19.2,6.6,7.4,1.66,10,20.3,0,58
FL-1918,NimbusAero,NI560,CDG,DFW,2026-01-22 23:07:00,2026-01-23 05:50:00,Overcast,25.2,33.1,6.1,8.38,51,11.5,0,65
FL-1919,SkyWings,SK707,FRA,LHR,2026-01-30 19:19:00,2026-01-30 23:56:00,Thunderstorm,5.4,9.6,7.4,3.51,16,17.1,1,86
FL-1920,SkyWings,SK677,DXB,FRA,2026-01-27 15:19:00,2026-01-27 20:24:00,High Winds,34.5,14.3,4.1,7.82,15,21.0,1,82
FL-1921,NimbusAero,NI315,CDG,FRA,2026-01-13 21:55:00,2026-01-14 03:34:00,Snow,5.1,16.9,2.1,3.59,0,11.0,0,39
FL-1922,AeroGlobal,AE395,DFW,LAX,2026-01-11 19:03:00,2026-01-12 01:29:00,Rain,-3.2,10.9,8.5,7.79,12,1.1,0,67
FL-1923,TransFlight,TR650,ATL,JFK,2026-01-23 11:25:00,2026-01-23 12:23:00,Rain,-0.2,42.5,5.9,7.59,33,11.7,0,63
FL-1924,JetExpress,JE212,LAX,DXB,2026-01-20 22:08:00,2026-01-21 03:05:00,Rain,-5.8,7.9,3.1,7.02,1,21.3,0,31
FL-1925,AeroGlobal,AE844,LAX,CDG,2026-01-08 09:11:00,2026-01-08 14:15:00,Rain,3.3,29.1,5.4,7.99,29,15.7,0,66
FL-1926,OceanicAir,OC202,DXB,LHR,2026-01-09 21:57:00,2026-01-10 03:27:00,Fog,30.2,28.9,9.5,6.65,25,5.8,0,83
FL-1927,AeroGlobal,AE789,ATL,LHR,2026-01-22 15:29:00,2026-01-22 17:31:00,Thunderstorm,29.1,33.5,3.2,2.79,5,19.3,0,71
FL-1928,NimbusAero,NI319,JFK,HND,2026-01-04 07:28:00,2026-01-04 12:24:00,Snow,19.3,32.5,0.9,7.19,9,13.7,0,67
FL-1929,AeroGlobal,AE753,LHR,DXB,2026-01-25 09:24:00,2026-01-25 15:45:00,Overcast,32.1,38.1,8.8,7.01,6,11.0,0,44
FL-1930,TransFlight,TR465,DXB,HND,2026-01-14 16:40:00,2026-01-14 18:14:00,Overcast,-4.6,39.9,7.7,3.59,10,21.3,0,17
FL-1931,SkyWings,SK280,HND,LHR,2026-01-06 10:00:00,2026-01-06 13:42:00,Fog,9.1,7.5,8.9,8.56,2,19.1,0,69
FL-1932,SkyWings,SK397,DFW,FRA,2026-01-11 00:57:00,2026-01-11 05:11:00,Clear,17.0,15.9,6.9,4.7,18,17.9,0,22
FL-1933,SkyWings,SK374,HND,ATL,2026-01-16 17:11:00,2026-01-16 23:21:00,High Winds,-7.8,21.2,2.6,8.88,6,12.0,0,66
FL-1934,SkyWings,SK728,FRA,LHR,2026-01-07 03:08:00,2026-01-07 09:02:00,Snow,-9.0,33.1,8.1,1.81,8,15.7,0,59
FL-1935,TransFlight,TR164,JFK,FRA,2026-01-10 19:52:00,2026-01-10 23:42:00,Snow,-0.5,8.8,5.6,8.74,14,5.4,0,93
FL-1936,JetExpress,JE439,CDG,ATL,2026-01-26 09:58:00,2026-01-26 16:58:00,Overcast,35.1,3.6,0.7,9.46,6,2.7,0,38
FL-1937,OceanicAir,OC143,ORD,LHR,2026-01-14 23:16:00,2026-01-15 00:13:00,Overcast,20.3,31.6,0.8,7.75,58,18.0,0,77
FL-1938,NimbusAero,NI997,DFW,LAX,2026-01-04 17:35:00,2026-01-04 18:57:00,Snow,24.7,34.8,4.4,1.13,15,18.4,0,44
FL-1939,NimbusAero,NI702,CDG,ATL,2026-01-28 19:34:00,2026-01-28 22:58:00,High Winds,5.5,24.0,0.7,3.47,5,4.9,0,33
FL-1940,NimbusAero,NI690,HND,CDG,2026-01-14 12:06:00,2026-01-14 16:30:00,Clear,0.7,19.5,3.1,3.56,17,15.6,0,19
FL-1941,OceanicAir,OC845,CDG,LHR,2026-01-26 03:00:00,2026-01-26 09:50:00,Clear,11.7,26.8,0.7,7.94,27,10.1,0,49
FL-1942,SkyWings,SK758,DFW,CDG,2026-01-07 19:02:00,2026-01-08 01:09:00,Clear,-5.4,9.3,8.7,5.41,4,5.9,0,35
FL-1943,TransFlight,TR958,HND,FRA,2026-01-27 00:55:00,2026-01-27 03:39:00,Clear,26.8,12.8,3.5,4.04,10,3.7,0,30
FL-1944,TransFlight,TR713,CDG,JFK,2026-01-13 10:53:00,2026-01-13 17:31:00,Overcast,26.2,36.2,5.7,3.82,5,14.5,0,29
FL-1945,NimbusAero,NI594,DXB,FRA,2026-01-04 22:56:00,2026-01-05 00:34:00,Thunderstorm,23.6,18.2,7.7,2.46,41,16.6,1,83
FL-1946,SkyWings,SK139,CDG,DXB,2026-01-09 00:28:00,2026-01-09 06:33:00,High Winds,15.2,8.0,8.8,4.76,30,0.7,0,65
FL-1947,JetExpress,JE837,DFW,FRA,2026-01-15 22:07:00,2026-01-16 04:06:00,Rain,17.1,9.1,3.3,7.17,16,17.8,0,52
FL-1948,TransFlight,TR357,HND,DXB,2026-01-10 20:03:00,2026-01-10 23:37:00,Fog,24.6,38.7,1.8,5.72,4,18.3,1,69
FL-1949,AeroGlobal,AE581,LAX,JFK,2026-01-15 10:36:00,2026-01-15 17:20:00,Overcast,-0.4,6.0,4.9,1.85,12,13.9,0,23
FL-1950,SkyWings,SK458,DXB,ATL,2026-01-16 22:47:00,2026-01-17 04:53:00,Clear,34.5,13.8,8.3,8.81,1,13.1,0,14
FL-1951,TransFlight,TR885,CDG,DFW,2026-01-26 18:53:00,2026-01-27 00:15:00,Fog,21.6,5.3,1.9,7.58,29,6.5,0,43
FL-1952,SkyWings,SK229,DXB,CDG,2026-01-16 06:37:00,2026-01-16 12:16:00,High Winds,31.0,28.0,9.7,7.64,11,13.7,0,73
FL-1953,AeroGlobal,AE272,JFK,DFW,2026-01-11 02:24:00,2026-01-11 03:55:00,High Winds,19.5,8.2,5.0,1.0,1,2.2,0,42
FL-1954,AeroGlobal,AE623,HND,CDG,2026-01-22 17:12:00,2026-01-22 20:44:00,Rain,14.0,7.0,5.8,4.4,8,8.8,0,30
FL-1955,JetExpress,JE958,DXB,LHR,2026-01-25 09:39:00,2026-01-25 11:04:00,Snow,30.4,43.1,9.5,8.5,29,15.8,0,88
FL-1956,OceanicAir,OC811,DFW,LAX,2026-01-26 15:22:00,2026-01-26 19:49:00,Fog,6.7,3.1,4.0,5.19,5,14.9,0,52
FL-1957,AeroGlobal,AE731,DXB,ATL,2026-01-18 15:44:00,2026-01-18 19:40:00,Overcast,34.8,44.8,2.4,4.25,24,4.7,0,36
FL-1958,JetExpress,JE196,LHR,DFW,2026-01-24 03:11:00,2026-01-24 04:02:00,Snow,3.1,29.8,6.6,4.58,0,21.9,0,55
FL-1959,SkyWings,SK685,JFK,DXB,2026-01-28 21:36:00,2026-01-29 03:44:00,Thunderstorm,13.5,22.4,8.8,7.76,4,17.9,1,77
FL-1960,NimbusAero,NI256,ORD,ATL,2026-01-05 00:27:00,2026-01-05 04:46:00,High Winds,30.6,4.4,6.6,1.56,30,2.6,0,58
FL-1961,AeroGlobal,AE770,FRA,JFK,2026-01-16 09:21:00,2026-01-16 15:50:00,High Winds,33.2,40.6,2.1,9.88,11,16.0,0,56
FL-1962,NimbusAero,NI512,CDG,JFK,2026-01-04 04:56:00,2026-01-04 07:19:00,High Winds,26.5,8.3,3.0,2.55,1,1.5,0,23
FL-1963,NimbusAero,NI617,CDG,ORD,2026-01-30 03:55:00,2026-01-30 04:41:00,Rain,3.1,17.1,3.7,6.11,13,15.5,0,38
FL-1964,SkyWings,SK192,ORD,LAX,2026-01-09 16:47:00,2026-01-09 20:14:00,Snow,20.1,2.9,2.1,1.09,5,14.2,0,51
FL-1965,NimbusAero,NI352,DFW,ATL,2026-01-07 06:58:00,2026-01-07 10:21:00,Clear,8.2,14.3,3.2,6.09,0,9.4,0,13
FL-1966,JetExpress,JE304,ORD,LHR,2026-01-13 01:17:00,2026-01-13 07:59:00,Thunderstorm,2.7,23.1,6.0,4.14,34,14.3,0,83
FL-1967,NimbusAero,NI803,ORD,JFK,2026-01-27 21:13:00,2026-01-28 01:15:00,Overcast,15.8,11.1,7.2,4.12,13,17.9,0,34
FL-1968,NimbusAero,NI615,DXB,DFW,2026-01-05 09:07:00,2026-01-05 14:14:00,High Winds,0.1,11.4,3.0,9.3,33,11.6,0,92
FL-1969,OceanicAir,OC243,HND,LHR,2026-01-18 04:37:00,2026-01-18 10:10:00,Thunderstorm,21.6,40.8,3.6,1.94,0,8.2,0,56
FL-1970,AeroGlobal,AE531,HND,LHR,2026-01-16 13:44:00,2026-01-16 20:00:00,Clear,-1.0,17.4,2.0,5.92,13,16.7,0,21
FL-1971,TransFlight,TR689,CDG,HND,2026-01-22 19:16:00,2026-01-22 22:05:00,Rain,24.7,27.8,5.1,4.61,26,1.4,0,47
FL-1972,AeroGlobal,AE881,DXB,LAX,2026-01-20 09:49:00,2026-01-20 14:12:00,High Winds,2.9,26.8,6.1,2.48,13,4.1,0,46
FL-1973,TransFlight,TR814,DXB,ATL,2026-01-27 02:23:00,2026-01-27 04:19:00,Overcast,21.8,35.9,1.0,1.81,26,17.5,1,51
FL-1974,OceanicAir,OC269,HND,JFK,2026-01-31 05:22:00,2026-01-31 07:22:00,Overcast,32.4,15.0,1.3,3.13,31,4.9,0,38
FL-1975,AeroGlobal,AE257,DXB,LHR,2026-01-01 11:24:00,2026-01-01 16:13:00,Overcast,6.5,22.2,7.0,7.29,8,20.1,0,61
FL-1976,NimbusAero,NI348,LAX,HND,2026-01-07 02:21:00,2026-01-07 05:48:00,High Winds,34.9,19.2,3.6,3.55,5,15.0,0,67
FL-1977,TransFlight,TR503,DXB,LAX,2026-01-17 00:52:00,2026-01-17 05:47:00,Fog,25.5,27.2,2.6,6.48,13,17.0,0,50
FL-1978,SkyWings,SK725,FRA,CDG,2026-01-04 18:23:00,2026-01-05 00:38:00,Overcast,-3.4,10.1,2.5,4.92,33,7.8,0,61
FL-1979,OceanicAir,OC254,DFW,LHR,2026-01-18 20:30:00,2026-01-19 03:00:00,High Winds,13.1,13.2,9.6,2.62,14,9.1,0,37
FL-1980,SkyWings,SK576,LAX,CDG,2026-01-05 20:45:00,2026-01-06 03:05:00,High Winds,9.4,36.7,2.0,2.16,13,11.4,0,39
FL-1981,SkyWings,SK597,CDG,HND,2026-01-03 17:32:00,2026-01-03 20:52:00,Thunderstorm,2.4,29.3,6.2,8.22,10,10.2,0,84
FL-1982,OceanicAir,OC829,LHR,FRA,2026-01-17 20:31:00,2026-01-17 22:13:00,High Winds,-1.4,20.2,7.7,8.83,1,2.2,0,50
FL-1983,NimbusAero,NI704,DFW,ATL,2026-01-24 16:24:00,2026-01-24 22:23:00,Fog,31.9,20.7,4.9,1.36,15,19.2,0,8
FL-1984,TransFlight,TR802,LHR,DFW,2026-01-20 14:58:00,2026-01-20 18:35:00,Fog,4.2,37.2,5.7,2.61,45,8.2,0,69
FL-1985,JetExpress,JE404,JFK,ORD,2026-01-17 12:12:00,2026-01-17 19:11:00,Clear,15.5,19.0,2.2,5.81,10,3.2,0,32
FL-1986,OceanicAir,OC541,DFW,CDG,2026-01-22 02:17:00,2026-01-22 08:54:00,Snow,1.7,37.5,8.4,7.59,15,11.8,0,69
FL-1987,SkyWings,SK434,LHR,JFK,2026-01-07 22:17:00,2026-01-08 04:13:00,Fog,20.6,39.9,4.1,9.82,6,2.2,0,68
FL-1988,NimbusAero,NI409,CDG,HND,2026-01-02 06:26:00,2026-01-02 08:45:00,Fog,2.3,30.1,8.9,8.53,9,9.8,0,52
FL-1989,AeroGlobal,AE684,DFW,LHR,2026-01-29 06:22:00,2026-01-29 11:30:00,Snow,31.0,12.5,8.1,4.37,3,10.7,0,37
FL-1990,OceanicAir,OC381,ORD,LHR,2026-01-24 01:50:00,2026-01-24 08:18:00,Clear,19.0,41.1,6.9,3.45,14,9.3,0,12
FL-1991,OceanicAir,OC772,ORD,LHR,2026-01-13 09:41:00,2026-01-13 14:22:00,Snow,27.9,29.3,1.4,3.02,10,15.7,1,67
FL-1992,NimbusAero,NI829,FRA,HND,2026-01-28 00:09:00,2026-01-28 04:29:00,Fog,18.6,25.3,5.0,6.02,0,7.9,0,54
FL-1993,OceanicAir,OC255,HND,DXB,2026-01-10 20:04:00,2026-01-11 01:21:00,Fog,-1.8,18.8,4.3,6.95,12,12.8,0,44
FL-1994,OceanicAir,OC674,LHR,LAX,2026-01-10 16:42:00,2026-01-10 21:58:00,Rain,4.6,34.3,4.8,5.21,10,3.9,0,41
FL-1995,TransFlight,TR460,FRA,CDG,2026-01-20 03:43:00,2026-01-20 04:39:00,High Winds,36.7,25.9,5.2,3.11,7,20.3,1,65
FL-1996,SkyWings,SK199,CDG,ATL,2026-01-10 20:48:00,2026-01-10 22:29:00,Snow,3.9,39.2,7.8,9.86,1,21.5,0,58
FL-1997,AeroGlobal,AE528,FRA,DFW,2026-01-15 18:52:00,2026-01-15 22:42:00,Fog,-4.9,40.0,9.6,7.86,6,7.3,0,59
FL-1998,OceanicAir,OC330,CDG,DXB,2026-01-22 08:43:00,2026-01-22 11:54:00,High Winds,34.4,8.7,8.8,4.6,10,0.6,0,58
FL-1999,OceanicAir,OC771,ORD,LAX,2026-01-18 16:43:00,2026-01-18 22:25:00,Fog,10.1,20.0,2.3,1.26,18,5.3,0,53
FL-2000,TransFlight,TR182,FRA,CDG,2026-01-02 06:56:00,2026-01-02 10:27:00,Snow,2.0,26.5,5.0,1.82,74,8.5,0,87
FL-2001,NimbusAero,NI498,DXB,FRA,2026-01-10 00:50:00,2026-01-10 02:57:00,Thunderstorm,7.7,39.6,2.2,9.43,7,20.3,0,70
FL-2002,SkyWings,SK311,FRA,HND,2026-01-22 03:33:00,2026-01-22 06:23:00,Fog,19.0,44.6,8.1,9.76,8,11.3,0,66
FL-2003,TransFlight,TR957,LHR,ORD,2026-01-12 09:27:00,2026-01-12 14:08:00,Fog,36.2,2.3,0.8,7.09,18,19.1,0,64
FL-2004,SkyWings,SK901,CDG,DFW,2026-01-25 16:55:00,2026-01-25 18:41:00,Fog,27.3,29.8,5.6,1.21,14,10.8,0,50
FL-2005,JetExpress,JE931,CDG,JFK,2026-01-17 18:54:00,2026-01-17 23:03:00,Fog,34.5,29.1,4.7,8.09,46,2.7,0,81
FL-2006,TransFlight,TR871,LAX,ATL,2026-01-17 22:16:00,2026-01-18 02:32:00,Fog,6.3,41.3,8.1,2.89,25,2.6,0,54
FL-2007,SkyWings,SK569,HND,ATL,2026-01-13 01:59:00,2026-01-13 05:39:00,Rain,23.1,16.2,4.8,3.32,17,6.4,0,24
FL-2008,AeroGlobal,AE251,DXB,DFW,2026-01-02 10:20:00,2026-01-02 12:58:00,Rain,17.0,32.7,3.4,7.44,1,12.7,0,29
FL-2009,NimbusAero,NI550,DFW,ORD,2026-01-07 02:24:00,2026-01-07 04:24:00,Snow,4.0,18.5,6.5,1.25,6,5.1,0,17
FL-2010,TransFlight,TR112,DFW,CDG,2026-01-24 09:31:00,2026-01-24 14:40:00,Thunderstorm,12.9,40.7,9.7,6.79,1,13.1,0,85
FL-2011,TransFlight,TR483,CDG,DXB,2026-01-30 18:12:00,2026-01-30 20:23:00,High Winds,15.2,9.5,9.0,1.13,1,20.9,0,26
FL-2012,AeroGlobal,AE253,DFW,LAX,2026-01-30 19:58:00,2026-01-30 22:23:00,Rain,13.9,26.5,6.6,1.11,1,16.5,0,24
FL-2013,AeroGlobal,AE859,ATL,CDG,2026-01-02 17:52:00,2026-01-02 22:01:00,Fog,-5.3,16.2,1.1,5.98,16,12.0,0,57
FL-2014,SkyWings,SK917,JFK,DXB,2026-01-27 00:59:00,2026-01-27 06:11:00,Overcast,1.7,36.3,2.2,9.43,17,18.9,1,78
FL-2015,AeroGlobal,AE141,FRA,DFW,2026-01-26 08:54:00,2026-01-26 12:01:00,Clear,25.7,33.5,9.2,9.16,0,3.3,0,15
FL-2016,AeroGlobal,AE333,ATL,DXB,2026-01-22 09:06:00,2026-01-22 10:41:00,Snow,32.3,4.2,8.0,1.66,15,10.8,0,51
FL-2017,OceanicAir,OC302,LAX,FRA,2026-01-28 01:45:00,2026-01-28 04:20:00,Snow,13.4,26.5,6.0,8.75,31,2.9,0,100
FL-2018,NimbusAero,NI299,FRA,HND,2026-01-01 06:32:00,2026-01-01 09:25:00,High Winds,9.5,13.6,6.5,3.96,19,10.9,0,52
FL-2019,NimbusAero,NI406,DFW,FRA,2026-01-12 13:59:00,2026-01-12 17:38:00,Rain,22.5,23.6,6.4,2.0,2,16.8,1,29
FL-2020,TransFlight,TR581,HND,ORD,2026-01-09 09:17:00,2026-01-09 10:35:00,High Winds,10.7,15.1,9.3,4.99,0,14.2,0,31
FL-2021,AeroGlobal,AE298,LAX,DFW,2026-01-10 22:53:00,2026-01-11 02:15:00,Snow,4.7,35.0,5.0,7.16,9,20.4,1,83
FL-2022,JetExpress,JE260,ATL,HND,2026-01-09 01:37:00,2026-01-09 03:42:00,Snow,21.8,16.0,5.4,5.26,12,13.3,0,39
FL-2023,NimbusAero,NI375,ATL,LHR,2026-01-22 17:31:00,2026-01-22 20:51:00,Rain,-3.0,16.4,3.9,7.71,19,10.2,0,57
FL-2024,OceanicAir,OC880,CDG,JFK,2026-01-19 15:21:00,2026-01-19 16:34:00,Thunderstorm,7.0,36.6,9.8,7.9,15,0.9,0,92
FL-2025,AeroGlobal,AE777,DFW,LHR,2026-01-18 05:56:00,2026-01-18 06:53:00,Rain,10.5,18.4,5.8,7.65,8,17.6,0,52
FL-2026,JetExpress,JE209,LAX,DFW,2026-01-08 13:13:00,2026-01-08 16:44:00,Fog,13.0,33.0,5.0,9.74,16,1.5,0,62
FL-2027,NimbusAero,NI823,HND,ATL,2026-01-13 23:59:00,2026-01-14 05:54:00,Snow,8.0,6.4,6.6,3.48,23,8.4,0,59
FL-2028,SkyWings,SK583,ORD,LAX,2026-01-16 00:29:00,2026-01-16 07:29:00,Thunderstorm,29.6,39.6,6.1,6.17,8,12.6,0,75
FL-2029,JetExpress,JE686,DXB,DFW,2026-01-26 14:02:00,2026-01-26 19:18:00,High Winds,4.0,2.9,7.8,1.61,29,17.4,0,55
FL-2030,JetExpress,JE891,HND,ATL,2026-01-09 15:07:00,2026-01-09 18:36:00,Thunderstorm,0.9,17.6,2.4,9.74,37,6.1,0,86
FL-2031,SkyWings,SK243,LAX,HND,2026-01-20 16:45:00,2026-01-20 20:52:00,High Winds,13.3,4.1,5.5,9.22,13,11.5,0,54
FL-2032,OceanicAir,OC132,DXB,LHR,2026-01-25 18:31:00,2026-01-25 23:27:00,Rain,17.6,29.3,7.5,6.09,6,21.4,0,53
FL-2033,TransFlight,TR966,LAX,DXB,2026-01-29 00:19:00,2026-01-29 06:36:00,Overcast,26.1,35.0,4.6,3.49,17,10.2,0,34
FL-2034,NimbusAero,NI255,LHR,LAX,2026-01-09 12:26:00,2026-01-09 18:42:00,Snow,6.3,24.7,7.1,8.38,7,9.8,0,56
FL-2035,TransFlight,TR400,JFK,HND,2026-01-02 02:36:00,2026-01-02 03:25:00,Overcast,5.5,8.5,8.6,6.26,2,17.0,0,14
FL-2036,AeroGlobal,AE888,FRA,LHR,2026-01-27 12:04:00,2026-01-27 14:07:00,Overcast,27.1,10.9,2.2,1.24,33,13.4,0,18
FL-2037,AeroGlobal,AE653,LHR,LAX,2026-01-16 03:40:00,2026-01-16 07:06:00,Overcast,21.6,10.7,2.1,9.92,0,5.5,0,34
FL-2038,JetExpress,JE127,ORD,DXB,2026-01-06 20:28:00,2026-01-07 00:25:00,Clear,11.3,34.0,7.5,4.42,15,10.1,0,10
FL-2039,AeroGlobal,AE889,CDG,LAX,2026-01-05 11:25:00,2026-01-05 13:39:00,Snow,33.8,33.2,1.7,7.81,1,3.1,0,75
FL-2040,TransFlight,TR466,LHR,HND,2026-01-09 22:36:00,2026-01-10 01:08:00,Clear,28.4,17.5,2.9,2.01,7,10.3,0,22
FL-2041,OceanicAir,OC509,LAX,CDG,2026-01-17 15:38:00,2026-01-17 19:01:00,High Winds,-6.9,42.7,6.7,3.06,13,15.6,0,42
FL-2042,OceanicAir,OC116,DFW,CDG,2026-01-03 07:33:00,2026-01-03 09:30:00,High Winds,2.0,26.3,1.7,2.4,6,15.4,0,53
FL-2043,AeroGlobal,AE987,DFW,CDG,2026-01-29 08:32:00,2026-01-29 12:49:00,High Winds,-2.4,9.4,9.4,9.69,2,16.5,0,55
FL-2044,SkyWings,SK905,ORD,JFK,2026-01-23 21:27:00,2026-01-23 23:56:00,Rain,9.4,18.0,8.5,6.6,9,1.1,0,37
FL-2045,SkyWings,SK581,JFK,ATL,2026-01-19 19:16:00,2026-01-19 20:24:00,Snow,8.1,27.7,5.5,2.42,49,0.8,0,76
FL-2046,SkyWings,SK529,LAX,ORD,2026-01-22 21:34:00,2026-01-23 02:16:00,Thunderstorm,31.1,25.1,1.8,6.43,7,14.2,0,56
FL-2047,OceanicAir,OC363,ORD,CDG,2026-01-31 02:56:00,2026-01-31 08:17:00,Rain,35.9,30.7,1.4,5.44,0,18.4,0,25
FL-2048,TransFlight,TR232,ORD,DFW,2026-01-04 23:46:00,2026-01-05 01:19:00,Fog,9.4,40.1,1.5,3.04,21,4.5,0,33
FL-2049,JetExpress,JE827,HND,FRA,2026-01-24 18:35:00,2026-01-25 00:15:00,Rain,26.5,7.7,4.5,6.95,34,13.0,0,56
FL-2050,SkyWings,SK865,CDG,JFK,2026-01-10 06:09:00,2026-01-10 08:27:00,Clear,-3.1,3.5,8.1,2.46,1,7.4,0,8
FL-2051,OceanicAir,OC978,LHR,ATL,2026-01-29 20:43:00,2026-01-30 02:23:00,Thunderstorm,11.7,11.2,6.4,5.91,32,3.0,0,81
FL-2052,TransFlight,TR445,LHR,ORD,2026-01-12 20:50:00,2026-01-13 00:29:00,High Winds,31.9,35.2,4.8,1.87,13,18.9,0,25
FL-2053,JetExpress,JE536,JFK,FRA,2026-01-06 23:52:00,2026-01-07 01:25:00,Overcast,36.8,37.7,1.6,7.41,6,3.2,0,17
FL-2054,OceanicAir,OC546,DXB,LAX,2026-01-24 05:17:00,2026-01-24 07:35:00,Thunderstorm,29.4,40.1,5.4,2.28,11,15.1,0,53
FL-2055,NimbusAero,NI462,DXB,ORD,2026-01-26 20:49:00,2026-01-27 02:05:00,Snow,-7.7,24.9,5.6,7.24,11,21.9,1,68
FL-2056,NimbusAero,NI269,FRA,ATL,2026-01-08 04:04:00,2026-01-08 09:25:00,Snow,10.4,10.7,1.0,9.72,21,9.1,0,77
FL-2057,TransFlight,TR531,HND,DXB,2026-01-15 21:37:00,2026-01-15 23:31:00,Fog,35.0,2.0,2.9,6.0,5,7.2,0,68
FL-2058,TransFlight,TR708,LAX,JFK,2026-01-19 22:14:00,2026-01-20 00:10:00,Overcast,13.1,8.9,9.7,9.79,4,21.5,0,26
FL-2059,OceanicAir,OC500,FRA,ATL,2026-01-12 13:30:00,2026-01-12 17:14:00,Clear,0.9,42.8,1.8,4.61,50,16.1,0,37
FL-2060,AeroGlobal,AE554,ORD,LHR,2026-01-16 03:41:00,2026-01-16 04:31:00,Fog,-4.4,15.4,1.5,6.66,12,10.6,0,68
FL-2061,JetExpress,JE941,LAX,FRA,2026-01-29 00:19:00,2026-01-29 04:56:00,Overcast,-6.6,44.1,9.1,4.07,2,6.4,0,1
FL-2062,OceanicAir,OC958,DFW,LAX,2026-01-29 18:44:00,2026-01-29 23:27:00,Thunderstorm,18.1,39.7,7.1,8.15,8,16.8,1,86
FL-2063,NimbusAero,NI717,FRA,LHR,2026-01-12 05:33:00,2026-01-12 11:58:00,Thunderstorm,30.2,43.4,4.5,6.74,7,19.1,0,102
FL-2064,JetExpress,JE357,DXB,LHR,2026-01-20 08:21:00,2026-01-20 14:47:00,High Winds,2.1,17.3,0.6,7.42,76,10.9,0,106
FL-2065,AeroGlobal,AE705,CDG,DFW,2026-01-05 23:33:00,2026-01-06 06:20:00,Thunderstorm,16.9,38.0,4.1,5.67,12,20.4,0,84
FL-2066,TransFlight,TR958,LAX,ORD,2026-01-06 14:18:00,2026-01-06 17:05:00,Rain,17.8,32.5,6.2,8.34,14,15.9,1,66
FL-2067,OceanicAir,OC972,HND,FRA,2026-01-02 22:42:00,2026-01-03 02:51:00,High Winds,28.7,34.0,4.6,9.17,0,5.1,0,44
FL-2068,NimbusAero,NI436,LAX,LHR,2026-01-20 00:10:00,2026-01-20 01:09:00,Fog,11.9,40.3,3.9,7.15,9,8.1,0,47
FL-2069,JetExpress,JE556,JFK,CDG,2026-01-22 02:28:00,2026-01-22 09:10:00,Fog,2.6,36.1,2.5,7.94,49,12.3,0,82
FL-2070,OceanicAir,OC871,LHR,ORD,2026-01-23 23:57:00,2026-01-24 01:27:00,Rain,6.9,25.1,8.1,9.69,36,7.3,0,69
FL-2071,NimbusAero,NI192,CDG,LHR,2026-01-29 13:10:00,2026-01-29 18:09:00,Fog,-1.1,18.5,3.0,7.37,30,8.0,0,91
FL-2072,JetExpress,JE872,ORD,ATL,2026-01-15 22:32:00,2026-01-15 23:25:00,Clear,-0.9,15.4,5.3,6.78,2,6.9,0,21
FL-2073,AeroGlobal,AE507,FRA,LAX,2026-01-10 06:56:00,2026-01-10 08:28:00,Clear,24.2,41.3,6.8,8.67,23,3.6,0,47
FL-2074,JetExpress,JE506,ORD,HND,2026-01-05 23:11:00,2026-01-06 02:26:00,Snow,17.4,5.5,10.0,4.98,4,1.4,0,55
FL-2075,NimbusAero,NI380,JFK,DXB,2026-01-11 11:10:00,2026-01-11 17:50:00,Overcast,1.8,11.7,6.7,2.94,59,0.8,0,37
FL-2076,SkyWings,SK978,FRA,HND,2026-01-21 05:27:00,2026-01-21 09:44:00,Snow,16.5,26.4,4.4,8.63,9,13.0,0,76
FL-2077,OceanicAir,OC864,DFW,CDG,2026-01-13 05:52:00,2026-01-13 10:17:00,Rain,7.5,41.8,2.7,5.86,7,2.2,0,49
FL-2078,JetExpress,JE980,ATL,FRA,2026-01-27 14:22:00,2026-01-27 16:12:00,Clear,37.1,35.7,5.3,5.28,5,7.2,0,28
FL-2079,TransFlight,TR333,LHR,FRA,2026-01-11 10:37:00,2026-01-11 15:20:00,Rain,17.6,4.3,6.4,5.47,7,9.9,0,31
FL-2080,AeroGlobal,AE122,DXB,HND,2026-01-26 16:34:00,2026-01-26 22:51:00,Clear,33.0,22.5,7.2,1.57,10,8.1,0,39
FL-2081,JetExpress,JE683,DFW,JFK,2026-01-28 10:53:00,2026-01-28 15:49:00,Thunderstorm,23.8,42.5,9.9,2.94,30,10.2,0,72
FL-2082,NimbusAero,NI411,LHR,ATL,2026-01-27 04:26:00,2026-01-27 09:31:00,Thunderstorm,-3.1,25.2,7.0,3.83,59,0.6,0,109
FL-2083,NimbusAero,NI872,LHR,LAX,2026-01-04 11:33:00,2026-01-04 17:32:00,Clear,15.4,33.4,7.5,3.24,21,13.4,0,21
FL-2084,AeroGlobal,AE955,ORD,JFK,2026-01-30 19:19:00,2026-01-31 00:17:00,Fog,-4.3,5.8,9.5,6.17,12,20.9,0,64
FL-2085,NimbusAero,NI585,ORD,CDG,2026-01-09 13:52:00,2026-01-09 15:26:00,Rain,7.0,32.4,8.9,5.5,33,4.5,0,48
FL-2086,AeroGlobal,AE459,LAX,CDG,2026-01-21 19:24:00,2026-01-21 20:57:00,Snow,2.4,39.8,1.1,6.01,0,15.2,1,64
FL-2087,TransFlight,TR112,JFK,CDG,2026-01-18 18:15:00,2026-01-18 21:36:00,Clear,28.4,26.4,4.1,1.62,10,4.2,0,22
FL-2088,OceanicAir,OC286,DXB,ATL,2026-01-16 23:06:00,2026-01-17 00:40:00,High Winds,22.8,8.7,4.1,2.59,14,10.0,0,73
FL-2089,AeroGlobal,AE619,ORD,DXB,2026-01-02 15:08:00,2026-01-02 21:11:00,Clear,34.9,40.2,8.0,2.08,19,20.6,0,16
FL-2090,NimbusAero,NI284,FRA,DXB,2026-01-08 20:49:00,2026-01-08 22:25:00,Thunderstorm,-0.7,8.7,6.3,4.04,17,10.3,0,70
FL-2091,OceanicAir,OC902,HND,LAX,2026-01-26 11:37:00,2026-01-26 12:55:00,Rain,1.8,8.1,9.6,5.42,6,17.6,1,44
FL-2092,OceanicAir,OC930,FRA,LAX,2026-01-24 21:48:00,2026-01-24 23:19:00,Fog,21.4,41.2,5.8,7.32,24,11.7,0,60
FL-2093,NimbusAero,NI305,DFW,CDG,2026-01-07 09:58:00,2026-01-07 14:32:00,High Winds,-0.5,42.6,4.6,4.92,47,2.3,0,60
FL-2094,SkyWings,SK429,DXB,HND,2026-01-28 23:54:00,2026-01-29 03:58:00,Rain,13.9,35.8,3.2,7.16,0,1.7,0,34
FL-2095,AeroGlobal,AE191,DFW,FRA,2026-01-09 03:21:00,2026-01-09 09:34:00,Rain,25.5,25.0,0.9,3.73,0,4.5,0,37
FL-2096,SkyWings,SK943,CDG,FRA,2026-01-25 02:19:00,2026-01-25 04:35:00,Snow,7.8,32.1,9.2,1.89,20,20.9,0,63
FL-2097,SkyWings,SK831,ATL,DXB,2026-01-10 15:48:00,2026-01-10 21:25:00,Fog,19.4,3.9,4.1,9.1,2,3.0,0,62
FL-2098,AeroGlobal,AE775,LHR,ORD,2026-01-18 23:53:00,2026-01-19 02:34:00,Rain,34.0,19.3,2.0,6.39,21,13.9,0,52
FL-2099,OceanicAir,OC796,FRA,DFW,2026-01-10 13:46:00,2026-01-10 20:05:00,Fog,33.9,19.6,0.6,8.41,21,8.6,0,84
FL-2100,AeroGlobal,AE936,HND,DFW,2026-01-28 13:30:00,2026-01-28 14:20:00,Fog,23.2,3.8,7.8,2.16,28,15.3,1,56
FL-2101,AeroGlobal,AE910,HND,LAX,2026-01-09 14:16:00,2026-01-09 19:35:00,Rain,-2.0,33.8,9.6,7.44,10,15.4,0,45
FL-2102,TransFlight,TR367,LAX,ORD,2026-01-19 05:20:00,2026-01-19 07:48:00,Clear,16.6,23.4,1.7,9.96,1,10.6,0,19
FL-2103,AeroGlobal,AE138,CDG,ORD,2026-01-05 01:19:00,2026-01-05 07:59:00,High Winds,-6.8,20.7,4.0,7.65,1,10.0,0,46
FL-2104,NimbusAero,NI615,ATL,DFW,2026-01-15 17:15:00,2026-01-15 18:22:00,Snow,-9.3,8.6,8.7,3.26,6,4.3,0,50
FL-2105,NimbusAero,NI157,CDG,HND,2026-01-08 05:13:00,2026-01-08 08:27:00,Snow,-6.9,9.9,2.3,6.92,44,9.9,0,92
FL-2106,SkyWings,SK963,ATL,FRA,2026-01-14 08:21:00,2026-01-14 13:51:00,Overcast,-3.1,43.5,1.0,7.16,1,9.3,0,29
FL-2107,TransFlight,TR837,ORD,CDG,2026-01-18 02:32:00,2026-01-18 03:36:00,Overcast,33.3,31.4,0.6,1.03,5,1.8,0,15
FL-2108,TransFlight,TR222,ATL,JFK,2026-01-26 21:38:00,2026-01-27 03:02:00,Clear,-9.0,37.4,5.0,6.14,1,8.8,0,37
FL-2109,OceanicAir,OC560,ATL,DXB,2026-01-29 03:07:00,2026-01-29 06:00:00,Rain,37.0,29.4,5.1,9.09,18,10.3,0,57
FL-2110,AeroGlobal,AE247,DFW,ORD,2026-01-18 22:17:00,2026-01-19 01:13:00,Overcast,7.7,2.9,8.2,2.3,0,10.4,0,10
FL-2111,TransFlight,TR972,ATL,HND,2026-01-06 22:33:00,2026-01-07 04:38:00,Rain,-0.0,19.4,8.9,5.15,5,10.2,0,29
FL-2112,OceanicAir,OC472,LHR,CDG,2026-01-19 09:41:00,2026-01-19 11:34:00,Fog,15.4,12.6,7.3,6.12,3,20.9,0,61
FL-2113,JetExpress,JE574,DXB,CDG,2026-01-18 07:23:00,2026-01-18 13:37:00,Rain,0.2,8.1,1.5,6.87,39,7.0,0,56
FL-2114,TransFlight,TR522,JFK,DFW,2026-01-11 03:12:00,2026-01-11 06:49:00,Snow,32.7,30.4,9.4,4.89,7,20.8,1,67
FL-2115,TransFlight,TR783,ORD,LHR,2026-01-26 21:20:00,2026-01-26 23:24:00,Fog,9.3,35.6,2.4,4.7,9,10.6,0,59
FL-2116,AeroGlobal,AE880,HND,LHR,2026-01-29 00:40:00,2026-01-29 06:38:00,Snow,25.3,39.7,6.9,8.08,3,2.3,0,56
FL-2117,SkyWings,SK439,LAX,CDG,2026-01-17 11:36:00,2026-01-17 14:04:00,Fog,-2.8,11.2,8.5,4.27,13,20.0,0,53
FL-2118,OceanicAir,OC446,ORD,LHR,2026-01-15 01:13:00,2026-01-15 02:49:00,High Winds,17.0,40.7,1.9,4.74,6,11.9,0,44
FL-2119,AeroGlobal,AE675,DXB,HND,2026-01-14 01:10:00,2026-01-14 07:48:00,High Winds,33.4,44.0,6.8,2.32,32,10.1,0,65
FL-2120,AeroGlobal,AE490,HND,CDG,2026-01-22 22:52:00,2026-01-23 01:04:00,High Winds,-9.0,31.6,8.3,9.38,10,13.1,0,85
FL-2121,SkyWings,SK603,FRA,LHR,2026-01-16 17:07:00,2026-01-16 18:35:00,Rain,-6.7,7.8,3.4,4.54,14,3.7,0,27
FL-2122,NimbusAero,NI301,LHR,DFW,2026-01-05 00:44:00,2026-01-05 04:30:00,Snow,37.2,23.3,6.4,6.31,1,21.8,0,41
FL-2123,TransFlight,TR386,DXB,JFK,2026-01-23 12:47:00,2026-01-23 16:15:00,Overcast,-7.5,12.3,3.4,5.04,18,9.8,0,38
FL-2124,NimbusAero,NI877,HND,LAX,2026-01-16 09:38:00,2026-01-16 15:05:00,Clear,-3.7,44.1,6.4,7.61,25,0.9,0,44
FL-2125,OceanicAir,OC489,CDG,JFK,2026-01-13 13:13:00,2026-01-13 19:54:00,Thunderstorm,6.1,36.5,8.6,8.06,11,9.3,0,89
FL-2126,JetExpress,JE836,DFW,FRA,2026-01-10 00:42:00,2026-01-10 05:37:00,Rain,2.8,41.3,9.2,1.76,2,14.8,0,11
FL-2127,TransFlight,TR216,JFK,ATL,2026-01-06 02:55:00,2026-01-06 05:44:00,Clear,-1.5,4.8,5.9,3.13,10,2.4,0,26
FL-2128,NimbusAero,NI113,LHR,LAX,2026-01-08 08:39:00,2026-01-08 14:22:00,Fog,36.4,43.7,6.5,3.98,5,14.8,0,47
FL-2129,SkyWings,SK821,ORD,DFW,2026-01-04 22:38:00,2026-01-05 00:58:00,Clear,24.5,5.9,4.6,7.17,0,5.0,0,16
FL-2130,OceanicAir,OC428,DXB,ATL,2026-01-22 21:58:00,2026-01-23 00:24:00,Fog,37.4,28.0,2.3,3.59,20,15.0,0,49
FL-2131,SkyWings,SK553,ORD,FRA,2026-01-01 12:53:00,2026-01-01 14:18:00,Overcast,36.8,13.3,8.8,6.18,4,4.6,0,27
FL-2132,SkyWings,SK292,ORD,CDG,2026-01-11 14:43:00,2026-01-11 16:51:00,Thunderstorm,20.5,27.5,6.2,5.56,18,6.6,0,65
FL-2133,JetExpress,JE853,ATL,FRA,2026-01-01 13:37:00,2026-01-01 19:57:00,Fog,2.1,34.4,1.1,1.57,1,7.9,0,46
FL-2134,TransFlight,TR873,CDG,LAX,2026-01-21 13:04:00,2026-01-21 13:55:00,Fog,22.4,15.7,7.8,9.23,6,15.5,0,75
FL-2135,TransFlight,TR368,LHR,DXB,2026-01-17 13:09:00,2026-01-17 17:59:00,Rain,14.0,34.8,3.5,9.99,5,4.6,0,46
FL-2136,SkyWings,SK807,LHR,HND,2026-01-22 09:50:00,2026-01-22 14:31:00,Rain,34.3,38.4,9.7,5.17,23,19.8,0,40
FL-2137,OceanicAir,OC529,JFK,ATL,2026-01-15 15:56:00,2026-01-15 19:56:00,High Winds,20.3,19.2,0.6,8.12,36,14.7,0,84
FL-2138,TransFlight,TR288,ATL,LAX,2026-01-01 23:54:00,2026-01-02 03:59:00,Thunderstorm,-2.8,16.5,0.7,4.53,7,7.0,0,77
FL-2139,TransFlight,TR384,ATL,DFW,2026-01-23 09:25:00,2026-01-23 15:20:00,Fog,14.0,20.7,8.6,5.39,7,14.8,0,66
FL-2140,SkyWings,SK168,LHR,DXB,2026-01-28 21:53:00,2026-01-29 01:06:00,Overcast,1.3,42.6,8.1,4.75,15,0.8,0,34
FL-2141,AeroGlobal,AE446,DFW,HND,2026-01-29 02:03:00,2026-01-29 03:50:00,Snow,-3.8,14.1,7.4,8.26,16,19.1,0,75
FL-2142,SkyWings,SK118,HND,LHR,2026-01-20 05:28:00,2026-01-20 08:19:00,Overcast,35.3,31.6,9.1,9.12,50,14.1,0,55
FL-2143,OceanicAir,OC905,DFW,FRA,2026-01-16 18:11:00,2026-01-16 23:51:00,High Winds,5.9,10.4,1.7,3.9,1,14.1,0,63
FL-2144,AeroGlobal,AE825,FRA,ATL,2026-01-12 14:04:00,2026-01-12 18:59:00,Snow,12.5,2.8,5.4,1.86,22,16.6,0,42
FL-2145,OceanicAir,OC573,FRA,DFW,2026-01-04 07:06:00,2026-01-04 11:41:00,Thunderstorm,27.3,36.0,3.1,2.29,6,18.7,1,71
FL-2146,NimbusAero,NI103,LHR,CDG,2026-01-29 11:55:00,2026-01-29 16:47:00,Snow,-3.0,13.7,3.5,9.87,47,13.5,0,70
FL-2147,NimbusAero,NI292,FRA,LAX,2026-01-14 16:53:00,2026-01-14 23:53:00,Clear,25.3,10.4,8.1,3.54,9,17.5,0,18
FL-2148,SkyWings,SK405,DFW,ATL,2026-01-07 19:21:00,2026-01-07 22:37:00,Clear,-8.6,29.7,4.5,4.32,3,17.2,0,3
FL-2149,OceanicAir,OC668,ORD,DXB,2026-01-15 13:04:00,2026-01-15 14:44:00,Rain,11.9,10.5,6.3,3.56,0,13.1,0,9
FL-2150,SkyWings,SK226,JFK,CDG,2026-01-26 09:33:00,2026-01-26 14:22:00,Rain,-3.2,37.8,4.1,1.23,21,9.8,0,40
FL-2151,AeroGlobal,AE434,FRA,JFK,2026-01-30 13:00:00,2026-01-30 16:09:00,Rain,17.1,26.4,8.9,1.5,28,15.9,1,48
FL-2152,SkyWings,SK243,ORD,LAX,2026-01-25 01:00:00,2026-01-25 03:08:00,Fog,1.3,34.5,9.7,4.04,3,9.4,0,41
FL-2153,OceanicAir,OC510,DXB,JFK,2026-01-25 03:05:00,2026-01-25 07:23:00,Fog,27.9,31.9,5.7,1.81,31,5.0,0,66
FL-2154,JetExpress,JE332,ATL,JFK,2026-01-30 14:14:00,2026-01-30 20:48:00,Snow,-8.8,29.6,7.1,5.31,3,1.4,0,71
FL-2155,AeroGlobal,AE991,ORD,FRA,2026-01-15 18:56:00,2026-01-15 22:26:00,Thunderstorm,26.3,30.8,0.7,7.89,5,11.1,0,96
FL-2156,NimbusAero,NI524,DXB,LAX,2026-01-03 01:49:00,2026-01-03 04:16:00,Snow,-8.3,11.9,5.2,4.14,2,2.2,0,71
FL-2157,TransFlight,TR948,ORD,HND,2026-01-10 22:24:00,2026-01-11 00:26:00,Snow,-9.6,29.0,6.4,3.39,5,8.5,0,56
FL-2158,AeroGlobal,AE872,FRA,DFW,2026-01-16 11:20:00,2026-01-16 13:45:00,Rain,33.1,18.9,6.7,5.06,15,10.1,0,58
FL-2159,NimbusAero,NI624,CDG,ATL,2026-01-09 15:53:00,2026-01-09 17:35:00,Clear,8.6,6.6,9.4,2.85,3,16.8,0,4
FL-2160,NimbusAero,NI790,ATL,LHR,2026-01-17 16:14:00,2026-01-17 20:56:00,Clear,21.1,11.9,9.0,8.59,33,5.2,0,41
FL-2161,SkyWings,SK321,ORD,CDG,2026-01-10 15:23:00,2026-01-10 20:23:00,Fog,8.7,16.1,9.9,6.42,0,4.1,0,33
FL-2162,TransFlight,TR711,DFW,ATL,2026-01-04 18:50:00,2026-01-05 00:50:00,Clear,32.5,38.7,6.4,8.71,1,20.9,0,14
FL-2163,OceanicAir,OC846,FRA,ORD,2026-01-05 16:12:00,2026-01-05 17:24:00,Rain,0.3,10.2,4.5,8.89,27,2.1,0,60
FL-2164,SkyWings,SK404,JFK,ORD,2026-01-14 23:55:00,2026-01-15 01:52:00,Rain,11.9,42.1,9.8,9.23,0,3.1,0,30
FL-2165,NimbusAero,NI911,JFK,DXB,2026-01-09 04:41:00,2026-01-09 05:33:00,Clear,-5.9,12.1,8.8,6.22,0,12.5,0,10
FL-2166,NimbusAero,NI676,HND,LAX,2026-01-08 05:26:00,2026-01-08 08:01:00,Clear,9.1,18.2,0.9,4.89,1,10.5,0,16
FL-2167,SkyWings,SK690,JFK,ORD,2026-01-14 00:44:00,2026-01-14 07:32:00,Rain,24.5,10.7,3.0,7.04,7,21.2,1,36
FL-2168,SkyWings,SK765,JFK,HND,2026-01-26 16:30:00,2026-01-26 23:14:00,Thunderstorm,28.0,32.8,7.6,3.58,11,2.4,0,60
FL-2169,OceanicAir,OC657,ORD,CDG,2026-01-31 05:22:00,2026-01-31 09:17:00,Fog,16.4,8.3,7.5,4.12,9,4.2,0,43
FL-2170,OceanicAir,OC455,DFW,ORD,2026-01-23 18:08:00,2026-01-24 00:38:00,Snow,9.6,43.3,1.3,3.28,49,3.5,0,105
FL-2171,NimbusAero,NI577,HND,FRA,2026-01-08 17:26:00,2026-01-08 18:32:00,Rain,14.3,39.0,6.4,6.39,5,12.1,0,42
FL-2172,AeroGlobal,AE971,FRA,ORD,2026-01-10 14:48:00,2026-01-10 21:27:00,Thunderstorm,-6.1,20.0,1.6,5.51,22,1.4,0,68
FL-2173,SkyWings,SK360,DXB,ORD,2026-01-11 13:42:00,2026-01-11 20:17:00,Fog,27.8,23.0,3.6,8.53,55,8.5,0,110
FL-2174,TransFlight,TR772,CDG,ATL,2026-01-27 12:15:00,2026-01-27 15:59:00,Fog,9.6,34.3,1.5,6.76,2,10.3,0,52
FL-2175,AeroGlobal,AE833,JFK,FRA,2026-01-06 03:44:00,2026-01-06 08:42:00,Overcast,34.0,31.9,3.4,7.8,4,7.0,0,34
FL-2176,NimbusAero,NI198,ATL,JFK,2026-01-01 23:42:00,2026-01-02 00:42:00,Rain,-4.2,10.0,7.9,1.64,0,5.9,0,31
FL-2177,OceanicAir,OC466,CDG,JFK,2026-01-28 10:41:00,2026-01-28 13:59:00,Rain,8.6,11.0,4.6,6.31,10,10.8,0,33
FL-2178,SkyWings,SK795,HND,JFK,2026-01-24 00:07:00,2026-01-24 03:35:00,Rain,-8.5,32.1,8.7,4.45,6,12.1,0,38
FL-2179,NimbusAero,NI701,FRA,LHR,2026-01-23 13:32:00,2026-01-23 14:30:00,Thunderstorm,-8.1,23.0,9.1,5.27,54,12.2,0,71
FL-2180,NimbusAero,NI950,LAX,DXB,2026-01-18 12:53:00,2026-01-18 16:30:00,Overcast,19.0,22.2,3.6,5.97,28,15.6,0,48
FL-2181,SkyWings,SK110,ORD,JFK,2026-01-24 07:00:00,2026-01-24 11:32:00,Clear,14.1,21.9,7.1,4.49,9,20.4,0,28
FL-2182,TransFlight,TR220,DXB,HND,2026-01-09 03:57:00,2026-01-09 08:33:00,Rain,31.0,3.7,6.2,4.84,7,15.3,0,26
FL-2183,OceanicAir,OC597,ATL,JFK,2026-01-18 21:02:00,2026-01-19 03:21:00,Overcast,27.1,3.9,2.2,4.06,3,15.2,0,17
FL-2184,OceanicAir,OC927,LAX,ORD,2026-01-08 17:36:00,2026-01-08 19:32:00,Overcast,25.5,42.7,5.8,4.94,4,8.4,0,40
FL-2185,SkyWings,SK825,DXB,LHR,2026-01-30 03:24:00,2026-01-30 08:47:00,Clear,10.1,3.4,4.6,7.32,9,1.9,0,30
FL-2186,NimbusAero,NI466,HND,CDG,2026-01-24 07:54:00,2026-01-24 10:43:00,Overcast,-4.2,9.0,5.9,6.98,0,10.1,0,34
FL-2187,JetExpress,JE670,DFW,DXB,2026-01-04 06:59:00,2026-01-04 13:20:00,Overcast,17.9,7.0,0.9,2.82,1,7.0,0,14
FL-2188,OceanicAir,OC111,LHR,JFK,2026-01-24 11:16:00,2026-01-24 12:07:00,Clear,15.2,13.4,5.5,3.73,6,17.9,0,10
FL-2189,OceanicAir,OC920,ATL,DFW,2026-01-22 20:33:00,2026-01-23 01:22:00,Thunderstorm,0.3,9.4,5.8,6.64,2,19.0,1,88
FL-2190,TransFlight,TR248,LAX,DXB,2026-01-24 14:45:00,2026-01-24 16:07:00,Snow,-2.1,29.0,4.4,6.63,14,20.7,0,69
FL-2191,OceanicAir,OC143,LHR,HND,2026-01-02 12:13:00,2026-01-02 14:36:00,Fog,24.9,18.1,4.8,8.53,2,5.3,0,76
FL-2192,OceanicAir,OC729,DXB,CDG,2026-01-30 15:38:00,2026-01-30 21:48:00,Overcast,1.6,24.4,5.2,1.68,24,13.4,0,10
FL-2193,TransFlight,TR186,ORD,JFK,2026-01-18 01:36:00,2026-01-18 04:43:00,Thunderstorm,3.5,30.0,9.9,4.07,16,18.5,0,96
FL-2194,OceanicAir,OC623,HND,CDG,2026-01-28 01:57:00,2026-01-28 08:37:00,Snow,34.3,28.0,6.8,6.17,4,10.6,0,57
FL-2195,OceanicAir,OC450,DXB,FRA,2026-01-29 07:14:00,2026-01-29 13:22:00,Clear,2.1,13.5,3.1,3.6,5,11.5,0,13
FL-2196,JetExpress,JE345,FRA,ATL,2026-01-17 02:40:00,2026-01-17 06:01:00,Overcast,29.6,24.3,4.4,3.38,9,9.6,0,24
FL-2197,TransFlight,TR905,ORD,LHR,2026-01-09 21:29:00,2026-01-10 04:05:00,Fog,7.4,25.3,3.6,8.18,0,13.0,0,55
FL-2198,NimbusAero,NI840,DFW,ATL,2026-01-10 14:42:00,2026-01-10 20:33:00,High Winds,20.4,16.5,8.9,8.29,2,8.6,0,47
FL-2199,NimbusAero,NI377,FRA,HND,2026-01-25 16:59:00,2026-01-25 20:38:00,Overcast,2.2,5.1,1.7,4.39,47,12.3,0,45
